交易 #,类型,日期和时间,信号,价格 USDT,仓位大小（数量）,仓位大小（价值）,净损益 USDT,净损益 %,有利波动 USDT,有利波动 %,不利波动 USDT,不利波动 %,累计P&L USDT,累计P&L %
1,多头出场,2022-01-17 08:00,趋出,3346.89,4482.7905,14999954.95,3451.75,0.02,72352.24,0.48,-160035.62,-1.07,3451.75,0.01
1,多头进场,2022-01-17 02:00,趋进,3346.12,4482.7905,14999954.95,3451.75,0.02,72352.24,0.48,-160035.62,-1.07,3451.75,0.01
2,多头出场,2022-02-03 04:00,趋出,2707.26,5612.9059,15000491.02,195104.61,1.30,788613.25,5.26,-193645.25,-1.29,198556.36,0.66
2,多头进场,2022-02-01 04:00,趋进,2672.5,5612.9059,15000491.02,195104.61,1.30,788613.25,5.26,-193645.25,-1.29,198556.36,0.66
3,多头出场,2022-02-07 04:00,趋出,3001.4,5627.7802,15099278,1791941.5,11.87,2124374.5,14.07,-42264.63,-0.28,1990497.9,6.63
3,多头进场,2022-02-04 12:00,趋进,2682.99,5627.7802,15099278,1791941.5,11.87,2124374.5,14.07,-42264.63,-0.28,1990497.9,6.63
4,多头出场,2022-02-09 00:00,趋出,3076.18,5085.7033,15995299.73,-350760.97,-2.19,446117.9,2.79,-589687.3,-3.69,1639736.9,5.47
4,多头进场,2022-02-08 02:00,趋进,3145.15,5085.7033,15995299.73,-350760.97,-2.19,446117.9,2.79,-589687.3,-3.69,1639736.9,5.47
5,多头出场,2022-02-10 16:00,趋出,3189.9,4977.2274,15819818.66,57039.03,0.36,454221.78,2.87,-109449.23,-0.69,1696775.9,5.66
5,多头进场,2022-02-10 00:00,趋进,3178.44,4977.2274,15819818.66,57039.03,0.36,454221.78,2.87,-109449.23,-0.69,1696775.9,5.66
6,多头出场,2022-02-11 04:00,趋出,3121.08,5070.3808,15848438.56,-23374.45,-0.15,705594.2,4.45,-203778.61,-1.29,1673401.5,5.58
6,多头进场,2022-02-10 22:00,趋进,3125.69,5070.3808,15848438.56,-23374.45,-0.15,705594.2,4.45,-203778.61,-1.29,1673401.5,5.58
7,多头出场,2022-03-03 16:00,趋出,2908.02,5610.897,15836700.67,479900.03,3.03,1242364.9,7.84,-182241.94,-1.15,2153301.5,7.18
7,多头进场,2022-03-01 02:00,趋进,2822.49,5610.897,15836700.67,479900.03,3.03,1242364.9,7.84,-182241.94,-1.15,2153301.5,7.18
8,多头出场,2022-03-20 20:00,趋出,2886.49,5420.3138,16076704.93,-431023.34,-2.68,117566.61,0.73,-495416.7,-3.08,1722278.1,5.74
8,多头进场,2022-03-19 04:00,趋进,2966.01,5420.3138,16076704.93,-431023.34,-2.68,117566.61,0.73,-495416.7,-3.08,1722278.1,5.74
9,多头出场,2022-03-23 16:00,趋出,2948.95,5367.5597,15861138.91,-32473.74,-0.20,525215.7,3.31,-388450.28,-2.45,1689804.4,5.63
9,多头进场,2022-03-22 00:00,趋进,2955,5367.5597,15861138.91,-32473.74,-0.20,525215.7,3.31,-388450.28,-2.45,1689804.4,5.63
10,多头出场,2022-03-26 12:00,趋出,3108.44,5234.7827,15844902.02,427105.9,2.70,871224.9,5.50,-145212.88,-0.92,2116910.2,7.06
10,多头进场,2022-03-24 10:00,趋进,3026.85,5234.7827,15844902.02,427105.9,2.70,871224.9,5.50,-145212.88,-0.92,2116910.2,7.06
11,多头出场,2022-03-30 16:00,趋出,3408.57,5049.8286,16058505.45,1154188.9,7.19,1524341.2,9.49,-75797.93,-0.47,3271099.2,10.90
11,多头进场,2022-03-28 02:00,趋进,3180.01,5049.8286,16058505.45,1154188.9,7.19,1524341.2,9.49,-75797.93,-0.47,3271099.2,10.90
12,多头出场,2022-04-04 20:00,趋出,3479.08,4794.5071,16635549.23,44924.53,0.27,530416.3,3.19,-276163.6,-1.66,3316023.8,11.05
12,多头进场,2022-04-02 02:00,趋进,3469.71,4794.5071,16635549.23,44924.53,0.27,530416.3,3.19,-276163.6,-1.66,3316023.8,11.05
13,多头出场,2022-04-06 10:00,趋止损,3344.29,4727.1254,16657964.47,-849086.25,-5.10,146966.33,0.88,-1209718.6,-7.26,2466937.5,8.22
13,多头进场,2022-04-05 12:00,趋进,3523.91,4727.1254,16657964.47,-849086.25,-5.10,146966.33,0.88,-1209718.6,-7.26,2466937.5,8.22
14,多头出场,2022-04-22 02:00,趋止损,3065.92,5144.4507,16233417.07,-460942.78,-2.84,5093.01,0.03,-485944.8,-2.99,2005994.6,6.69
14,多头进场,2022-04-21 22:00,趋进,3155.52,5144.4507,16233417.07,-460942.78,-2.84,5093.01,0.03,-485944.8,-2.99,2005994.6,6.69
15,多头出场,2022-06-27 12:00,趋出,1219.92,13023.3785,16002867.03,-115387.13,-0.72,275444.47,1.72,-445139.06,-2.78,1890607.5,6.30
15,多头进场,2022-06-26 22:00,趋进,1228.78,13023.3785,16002867.03,-115387.13,-0.72,275444.47,1.72,-445139.06,-2.78,1890607.5,6.30
16,多头出场,2022-06-29 08:00,趋止损,1144.05,13032.7457,15945303.71,-1035191,-6.49,189105.14,1.19,-1135934.1,-7.12,855416.5,2.85
16,多头进场,2022-06-28 20:00,趋进,1223.48,13032.7457,15945303.71,-1035191,-6.49,189105.14,1.19,-1135934.1,-7.12,855416.5,2.85
17,多头出场,2022-07-09 16:00,趋出,1225.01,13001.9368,15427708.15,499794.44,3.24,1168744.1,7.58,-304115.3,-1.97,1355211,4.52
17,多头进场,2022-07-07 08:00,趋进,1186.57,13001.9368,15427708.15,499794.44,3.24,1168744.1,7.58,-304115.3,-1.97,1355211,4.52
18,多头出场,2022-07-20 20:00,趋出,1602.9,11732.7147,15677605.36,3128763,19.96,3458452.2,22.06,-253778.62,-1.62,4483974,14.95
18,多头进场,2022-07-17 04:00,趋进,1336.23,11732.7147,15677605.36,3128763,19.96,3458452.2,22.06,-253778.62,-1.62,4483974,14.95
19,多头出场,2022-07-25 16:00,趋出,1522.12,10944.1664,17241986.95,-583652.4,-3.39,972826.94,5.64,-957067.4,-5.55,3900321.5,13.00
19,多头进场,2022-07-22 08:00,趋进,1575.45,10944.1664,17241986.95,-583652.4,-3.39,972826.94,5.64,-957067.4,-5.55,3900321.5,13.00
20,多头出场,2022-08-03 10:00,趋止损,1612.3,10353.5194,16950160.75,-257181.42,-1.52,247449.11,1.46,-491067.44,-2.90,3643140.2,12.14
20,多头进场,2022-08-03 04:00,趋进,1637.14,10353.5194,16950160.75,-257181.42,-1.52,247449.11,1.46,-491067.44,-2.90,3643140.2,12.14
21,多头出场,2022-08-07 20:00,趋出,1692.59,10135.1855,16821671.43,333042.2,1.98,914193.75,5.43,-77027.41,-0.46,3976182.2,13.25
21,多头进场,2022-08-05 14:00,趋进,1659.73,10135.1855,16821671.43,333042.2,1.98,914193.75,5.43,-77027.41,-0.46,3976182.2,13.25
22,多头出场,2022-08-10 00:00,趋出,1684.64,9991.878,16988190.98,-155473.62,-0.92,1177043.2,6.93,-322437.9,-1.90,3820708.8,12.74
22,多头进场,2022-08-08 08:00,趋进,1700.2,9991.878,16988190.98,-155473.62,-0.92,1177043.2,6.93,-322437.9,-1.90,3820708.8,12.74
23,多头出场,2022-08-15 00:00,趋出,1984.18,9202.9139,16910262.26,1349975.5,7.98,1771653,10.48,-307469.34,-1.82,5170684,17.24
23,多头进场,2022-08-11 00:00,趋进,1837.49,9202.9139,16910262.26,1349975.5,7.98,1771653,10.48,-307469.34,-1.82,5170684,17.24
24,多头出场,2022-08-31 16:00,趋止损,1584.82,10955.8485,17585341.99,-222294.17,-1.26,118104.05,0.67,-308845.38,-1.76,4948390,16.49
24,多头进场,2022-08-31 14:00,趋进,1605.11,10955.8485,17585341.99,-222294.17,-1.26,118104.05,0.67,-308845.38,-1.76,4948390,16.49
25,多头出场,2022-09-03 04:00,趋止损,1561.47,11061.6473,17474305.47,-201875.06,-1.16,777412.56,4.45,-368463.47,-2.11,4746515,15.82
25,多头进场,2022-09-02 10:00,趋进,1579.72,11061.6473,17474305.47,-201875.06,-1.16,777412.56,4.45,-368463.47,-2.11,4746515,15.82
26,多头出场,2022-09-12 16:00,趋出,1758.61,10658.4401,17373257.36,1370782,7.89,1694692,9.75,-372405.9,-2.14,6117297,20.39
26,多头进场,2022-09-08 08:00,趋进,1630,10658.4401,17373257.36,1370782,7.89,1694692,9.75,-372405.9,-2.14,6117297,20.39
27,多头出场,2022-10-07 16:00,趋出,1356.04,13156.91,18058516.82,-217220.58,-1.20,120254.16,0.67,-362341.3,-2.01,5900076.5,19.67
27,多头进场,2022-10-06 12:00,趋进,1372.55,13156.91,18058516.82,-217220.58,-1.20,120254.16,0.67,-362341.3,-2.01,5900076.5,19.67
28,多头出场,2022-10-28 12:00,趋出,1507.76,13487.6493,17950038.07,2386100,13.29,3562627.8,19.85,-90097.5,-0.50,8286176.5,27.62
28,多头进场,2022-10-24 04:00,趋进,1330.85,13487.6493,17950038.07,2386100,13.29,3562627.8,19.85,-90097.5,-0.50,8286176.5,27.62
29,多头出场,2022-10-31 00:00,趋出,1587.21,12322.475,19143088.14,415267.4,2.17,1349927.1,7.05,-12322.47,-0.06,8701444,29.00
29,多头进场,2022-10-29 10:00,趋进,1553.51,12322.475,19143088.14,415267.4,2.17,1349927.1,7.05,-12322.47,-0.06,8701444,29.00
30,多头出场,2022-11-07 00:00,趋出,1623.77,12112.673,19350721.88,317473.16,1.64,998568.75,5.16,-1153611,-5.96,9018917,30.06
30,多头进场,2022-11-01 18:00,趋进,1597.56,12112.673,19350721.88,317473.16,1.64,998568.75,5.16,-1153611,-5.96,9018917,30.06
31,多头出场,2022-11-08 08:00,趋止损,1568.09,12383.8126,19509458.37,-90525.67,-0.46,1486.06,0.01,-376096.38,-1.93,8928391,29.76
31,多头进场,2022-11-08 06:00,趋进,1575.4,12383.8126,19509458.37,-90525.67,-0.46,1486.06,0.01,-376096.38,-1.93,8928391,29.76
32,多头出场,2022-11-28 08:00,趋出,1193.88,16010.5581,19464195.59,-349510.47,-1.80,319410.62,1.64,-433245.7,-2.23,8578881,28.60
32,多头进场,2022-11-26 12:00,趋进,1215.71,16010.5581,19464195.59,-349510.47,-1.80,319410.62,1.64,-433245.7,-2.23,8578881,28.60
33,多头出场,2022-12-06 04:00,趋出,1253.67,15087.556,19289289.47,-374473.12,-1.94,401630.75,2.08,-480991.28,-2.49,8204407.5,27.35
33,多头进场,2022-12-05 04:00,趋进,1278.49,15087.556,19289289.47,-374473.12,-1.94,401630.75,2.08,-480991.28,-2.49,8204407.5,27.35
34,多头出场,2022-12-07 16:00,趋止损,1224.63,15099.0047,19102354.81,-611660.7,-3.20,44693.06,0.23,-696668.06,-3.65,7592747,25.31
34,多头进场,2022-12-07 10:00,趋进,1265.14,15099.0047,19102354.81,-611660.7,-3.20,44693.06,0.23,-696668.06,-3.65,7592747,25.31
35,多头出场,2022-12-12 10:00,趋止损,1257.15,14725.0456,18796373.46,-284782.38,-1.52,121628.88,0.65,-380495.2,-2.02,7307964.5,24.36
35,多头进场,2022-12-11 16:00,趋进,1276.49,14725.0456,18796373.46,-284782.38,-1.52,121628.88,0.65,-380495.2,-2.02,7307964.5,24.36
36,多头出场,2022-12-15 16:00,趋出,1287.26,14625.9858,18654128.55,173317.94,0.93,1130735,6.06,-297053.78,-1.59,7481282.5,24.94
36,多头进场,2022-12-13 08:00,趋进,1275.41,14625.9858,18654128.55,173317.94,0.93,1130735,6.06,-297053.78,-1.59,7481282.5,24.94
37,多头出场,2022-12-26 22:00,趋止损,1215.78,15362.1887,18740641.24,-63599.46,-0.34,48237.27,0.26,-126738.05,-0.68,7417683,24.73
37,多头进场,2022-12-26 14:00,趋进,1219.92,15362.1887,18740641.24,-63599.46,-0.34,48237.27,0.26,-126738.05,-0.68,7417683,24.73
38,多头出场,2022-12-28 00:00,趋止损,1211.22,15294.8729,18708688.53,-183232.58,-0.98,33648.72,0.18,-274542.97,-1.47,7234450.5,24.11
38,多头进场,2022-12-27 10:00,趋进,1223.2,15294.8729,18708688.53,-183232.58,-0.98,33648.72,0.18,-274542.97,-1.47,7234450.5,24.11
39,多头出场,2023-01-06 16:00,趋出,1247.69,14917.4093,18617374.33,-5071.92,-0.03,366520.75,1.97,-91592.89,-0.49,7229378.5,24.10
39,多头进场,2023-01-04 14:00,趋进,1248.03,14917.4093,18617374.33,-5071.92,-0.03,366520.75,1.97,-91592.89,-0.49,7229378.5,24.10
40,多头出场,2023-01-08 00:00,趋出,1265.07,14621.2007,18614543.04,-117700.66,-0.63,47372.69,0.25,-172822.6,-0.93,7111678,23.71
40,多头进场,2023-01-07 04:00,趋进,1273.12,14621.2007,18614543.04,-117700.66,-0.63,47372.69,0.25,-172822.6,-0.93,7111678,23.71
41,多头出场,2023-01-12 00:00,趋出,1323.05,14339.6848,18555982.32,416137.66,2.24,769467.5,4.15,-37856.77,-0.20,7527815.5,25.09
41,多头进场,2023-01-09 10:00,趋进,1294.03,14339.6848,18555982.32,416137.66,2.24,769467.5,4.15,-37856.77,-0.20,7527815.5,25.09
42,多头出场,2023-01-16 12:00,趋出,1569.19,13388.8286,18763907.73,2245708.2,11.97,2657950.2,14.17,-529394.3,-2.82,9773524,32.58
42,多头进场,2023-01-12 10:00,趋进,1401.46,13388.8286,18763907.73,2245708.2,11.97,2657950.2,14.17,-529394.3,-2.82,9773524,32.58
43,多头出场,2023-01-23 00:00,趋出,1635.5,12871.6072,19886633.12,1164880.5,5.86,1728142,8.69,-38357.39,-0.19,10938404,36.46
43,多头进场,2023-01-20 06:00,趋进,1545,12871.6072,19886633.12,1164880.5,5.86,1728142,8.69,-38357.39,-0.19,10938404,36.46
44,多头出场,2023-01-25 08:00,趋止损,1555.97,12651.3975,20469075.56,-783880.56,-3.83,179523.33,0.88,-1049180.4,-5.13,10154524,33.85
44,多头进场,2023-01-24 18:00,趋进,1617.93,12651.3975,20469075.56,-783880.56,-3.83,179523.33,0.88,-1049180.4,-5.13,10154524,33.85
45,多头出场,2023-01-27 10:00,趋止损,1562.81,12455.3406,20077386.28,-612055.44,-3.05,260192.06,1.30,-739971.8,-3.69,9542468,31.81
45,多头进场,2023-01-26 08:00,趋进,1611.95,12455.3406,20077386.28,-612055.44,-3.05,260192.06,1.30,-739971.8,-3.69,9542468,31.81
46,多头出场,2023-01-28 20:00,趋止损,1586.19,12282.5583,19771234.1,-288762.94,-1.46,138792.9,0.70,-381619.1,-1.93,9253705,30.85
46,多头进场,2023-01-28 04:00,趋进,1609.7,12282.5583,19771234.1,-288762.94,-1.46,138792.9,0.70,-381619.1,-1.93,9253705,30.85
47,多头出场,2023-01-29 16:00,趋止损,1592.59,12287.2873,19626852.62,-58241.74,-0.30,7003.75,0.04,-109111.11,-0.56,9195464,30.65
47,多头进场,2023-01-29 14:00,趋进,1597.33,12287.2873,19626852.62,-58241.74,-0.30,7003.75,0.04,-109111.11,-0.56,9195464,30.65
48,多头出场,2023-02-04 20:00,趋出,1661.92,11984.6943,19597851.51,319751.66,1.63,952064.1,4.86,-111577.5,-0.57,9515215,31.72
48,多头进场,2023-02-02 06:00,趋进,1635.24,11984.6943,19597851.51,319751.66,1.63,952064.1,4.86,-111577.5,-0.57,9515215,31.72
49,多头出场,2023-02-05 16:00,趋出,1668.15,11760.6907,19757607.56,-139011.36,-0.70,106199.04,0.54,-273906.5,-1.39,9376204,31.25
49,多头进场,2023-02-05 00:00,趋进,1679.97,11760.6907,19757607.56,-139011.36,-0.70,106199.04,0.54,-273906.5,-1.39,9376204,31.25
50,多头出场,2023-02-07 08:00,趋止损,1614.28,11950.4345,19688221.33,-396873.94,-2.02,89747.77,0.46,-507654.47,-2.58,8979330,29.93
50,多头进场,2023-02-07 02:00,趋进,1647.49,11950.4345,19688221.33,-396873.94,-2.02,89747.77,0.46,-507654.47,-2.58,8979330,29.93
51,多头出场,2023-02-23 00:00,趋止损,1613.72,11372.3924,19489778.65,-1137921.6,-5.84,32752.49,0.17,-1242775,-6.38,7841408.5,26.14
51,多头进场,2023-02-20 20:00,趋进,1713.78,11372.3924,19489778.65,-1137921.6,-5.84,32752.49,0.17,-1242775,-6.38,7841408.5,26.14
52,多头出场,2023-03-02 04:00,趋止损,1634.79,11460.7726,18920704.09,-184747.66,-0.98,215577.12,1.14,-227840.16,-1.20,7656660.5,25.52
52,多头进场,2023-03-01 16:00,趋进,1650.91,11460.7726,18920704.09,-184747.66,-0.98,215577.12,1.14,-227840.16,-1.20,7656660.5,25.52
53,多头出场,2023-03-16 04:00,趋出,1648,10637.2944,18828330.21,-1298069,-6.89,55101.18,0.29,-1691648.9,-8.98,6358591.5,21.20
53,多头进场,2023-03-15 00:00,趋进,1770.03,10637.2944,18828330.21,-1298069,-6.89,55101.18,0.29,-1691648.9,-8.98,6358591.5,21.20
54,多头出场,2023-03-19 16:00,趋出,1774.8,10861.5462,18179295.72,1097776.5,6.04,1816810.9,9.99,-120345.93,-0.66,7456368,24.85
54,多头进场,2023-03-17 08:00,趋进,1673.73,10861.5462,18179295.72,1097776.5,6.04,1816810.9,9.99,-120345.93,-0.66,7456368,24.85
55,多头出场,2023-03-25 04:00,趋出,1763.86,10332.5061,18728080.61,-502986.4,-2.69,461036.44,2.46,-1058255.2,-5.65,6953381.5,23.18
55,多头进场,2023-03-22 00:00,趋进,1812.54,10332.5061,18728080.61,-502986.4,-2.69,461036.44,2.46,-1058255.2,-5.65,6953381.5,23.18
56,多头出场,2023-04-02 08:00,趋出,1820.8,10093.2431,18476690.82,-98913.78,-0.54,123440.36,0.67,-230025.02,-1.24,6854468,22.85
56,多头进场,2023-04-01 00:00,趋进,1830.6,10093.2431,18476690.82,-98913.78,-0.54,123440.36,0.67,-230025.02,-1.24,6854468,22.85
57,多头出场,2023-04-07 00:00,趋出,1874.54,10190.0251,18427131.89,674477.75,3.66,1371883.1,7.44,-408416.22,-2.22,7528945.5,25.10
57,多头进场,2023-04-03 22:00,趋进,1808.35,10190.0251,18427131.89,674477.75,3.66,1371883.1,7.44,-408416.22,-2.22,7528945.5,25.10
58,多头出场,2023-04-12 16:00,趋出,1870.3,9988.594,18764472.8,-82805.45,-0.44,587129.56,3.13,-545177.44,-2.91,7446140,24.82
58,多头进场,2023-04-08 14:00,趋进,1878.59,9988.594,18764472.8,-82805.45,-0.44,587129.56,3.13,-545177.44,-2.91,7446140,24.82
59,多头出场,2023-04-16 12:00,趋出,2086.14,9847.406,18722971.5,1820096,9.72,2239792.5,11.96,-17331.43,-0.09,9266236,30.89
59,多头进场,2023-04-13 04:00,趋进,1901.31,9847.406,18722971.5,1820096,9.72,2239792.5,11.96,-17331.43,-0.09,9266236,30.89
60,多头出场,2023-04-19 18:00,趋止损,1981.05,9270.5251,19633118.06,-1267744.2,-6.46,29480.27,0.15,-1407265.8,-7.17,7998492,26.66
60,多头进场,2023-04-18 20:00,趋进,2117.8,9270.5251,19633118.06,-1267744.2,-6.46,29480.27,0.15,-1407265.8,-7.17,7998492,26.66
61,多头出场,2023-05-01 04:00,趋止损,1904.83,9886.0179,18999344.64,-168161.17,-0.89,15817.63,0.08,-285409.34,-1.50,7830331,26.10
61,多头进场,2023-05-01 02:00,趋进,1921.84,9886.0179,18999344.64,-168161.17,-0.89,15817.63,0.08,-285409.34,-1.50,7830331,26.10
62,多头出场,2023-05-07 04:00,趋出,1897.94,9790.4582,18915165.24,-333463,-1.76,851769.9,4.50,-704913,-3.73,7496868,24.99
62,多头进场,2023-05-05 22:00,趋进,1932,9790.4582,18915165.24,-333463,-1.76,851769.9,4.50,-704913,-3.73,7496868,24.99
63,多头出场,2023-05-08 08:00,趋止损,1870.41,9800.899,18748433.72,-416734.22,-2.22,83797.69,0.45,-444372.75,-2.37,7080133.5,23.60
63,多头进场,2023-05-08 04:00,趋进,1912.93,9800.899,18748433.72,-416734.22,-2.22,83797.69,0.45,-444372.75,-2.37,7080133.5,23.60
64,多头出场,2023-05-31 16:00,趋出,1869.3,10017.813,18540066.7,186231.14,1.00,770470,4.16,-140449.73,-0.76,7266364.5,24.22
64,多头进场,2023-05-28 12:00,趋进,1850.71,10017.813,18540066.7,186231.14,1.00,770470,4.16,-140449.73,-0.76,7266364.5,24.22
65,多头出场,2023-06-05 12:00,趋出,1869.64,9797.8621,18633182.23,-314707.34,-1.69,109050.2,0.59,-344296.88,-1.85,6951657.5,23.17
65,多头进场,2023-06-05 00:00,趋进,1901.76,9797.8621,18633182.23,-314707.34,-1.69,109050.2,0.59,-344296.88,-1.85,6951657.5,23.17
66,多头出场,2023-06-23 20:00,趋出,1879.75,10367.4477,18475724.87,1012484.94,5.48,1566314,8.48,-82421.21,-0.45,7964142.5,26.55
66,多头进场,2023-06-21 04:00,趋进,1782.09,10367.4477,18475724.87,1012484.94,5.48,1566314,8.48,-82421.21,-0.45,7964142.5,26.55
67,多头出场,2023-06-29 08:00,趋止损,1828.03,9895.8242,18982169.98,-892306.44,-4.70,62442.65,0.33,-1005811.56,-5.30,7071836,23.57
67,多头进场,2023-06-25 18:00,趋进,1918.2,9895.8242,18982169.98,-892306.44,-4.70,62442.65,0.33,-1005811.56,-5.30,7071836,23.57
68,多头出场,2023-07-03 08:00,趋出,1937.49,9914.3762,18535818.6,673186.1,3.63,888427.25,4.79,-441982.9,-2.38,7745022,25.82
68,多头进场,2023-06-29 20:00,趋进,1869.59,9914.3762,18535818.6,673186.1,3.63,888427.25,4.79,-441982.9,-2.38,7745022,25.82
69,多头出场,2023-07-05 04:00,趋出,1934.29,9683.1268,18872414.13,-142438.8,-0.75,262993.72,1.39,-168680.06,-0.89,7602583,25.34
69,多头进场,2023-07-03 12:00,趋进,1949,9683.1268,18872414.13,-142438.8,-0.75,262993.72,1.39,-168680.06,-0.89,7602583,25.34
70,多头出场,2023-07-15 16:00,趋出,1941.86,9727.4894,18801291.51,88131.06,0.47,936854.5,4.98,-334722.9,-1.78,7690714,25.64
70,多头进场,2023-07-14 00:00,趋进,1932.8,9727.4894,18801291.51,88131.06,0.47,936854.5,4.98,-334722.9,-1.78,7690714,25.64
71,多头出场,2023-07-18 02:00,趋止损,1896.03,9775.6783,18845454.87,-310475.53,-1.65,91989.13,0.49,-375679.3,-1.99,7380238.5,24.60
71,多头进场,2023-07-17 04:00,趋进,1927.79,9775.6783,18845454.87,-310475.53,-1.65,91989.13,0.49,-375679.3,-1.99,7380238.5,24.60
72,多头出场,2023-07-21 00:00,趋止损,1888.6,9740.5757,18690119.25,-294067.97,-1.57,99938.31,0.53,-334491.38,-1.79,7086170.5,23.62
72,多头进场,2023-07-20 18:00,趋进,1918.79,9740.5757,18690119.25,-294067.97,-1.57,99938.31,0.53,-334491.38,-1.79,7086170.5,23.62
73,多头出场,2023-08-14 08:00,趋止损,1840.73,10021.7184,18543085.34,-95807.62,-0.52,117354.32,0.63,-158142.72,-0.85,6990363,23.30
73,多头进场,2023-08-12 18:00,趋进,1850.29,10021.7184,18543085.34,-95807.62,-0.52,117354.32,0.63,-158142.72,-0.85,6990363,23.30
74,多头出场,2023-08-15 04:00,趋止损,1842.64,10010.3818,18495181.41,-49651.49,-0.27,100.1,0.00,-77780.66,-0.42,6940711.5,23.14
74,多头进场,2023-08-15 02:00,趋进,1847.6,10010.3818,18495181.41,-49651.49,-0.27,100.1,0.00,-77780.66,-0.42,6940711.5,23.14
75,多头出场,2023-09-01 02:00,趋止损,1660.16,10652.6148,18470462.28,-785417.3,-4.25,89481.96,0.48,-966937.9,-5.24,6155294.5,20.52
75,多头进场,2023-08-30 02:00,趋进,1733.89,10652.6148,18470462.28,-785417.3,-4.25,89481.96,0.48,-966937.9,-5.24,6155294.5,20.52
76,多头出场,2023-09-17 16:00,趋出,1627.76,11012.3461,18077536.99,-152080.5,-0.84,7818.77,0.04,-242601.98,-1.34,6003214,20.01
76,多头进场,2023-09-16 12:00,趋进,1641.57,11012.3461,18077536.99,-152080.5,-0.84,7818.77,0.04,-242601.98,-1.34,6003214,20.01
77,多头出场,2023-09-19 16:00,趋出,1636.16,10988.3819,18001496.88,-22745.95,-0.13,343606.7,1.91,-130871.62,-0.73,5980468,19.93
77,多头进场,2023-09-18 18:00,趋进,1638.23,10988.3819,18001496.88,-22745.95,-0.13,343606.7,1.91,-130871.62,-0.73,5980468,19.93
78,多头出场,2023-09-20 16:00,趋出,1634.53,10917.729,17990233.85,-144878.27,-0.81,127955.78,0.71,-189750.12,-1.05,5835589.5,19.45
78,多头进场,2023-09-19 20:00,趋进,1647.8,10917.729,17990233.85,-144878.27,-0.81,127955.78,0.71,-189750.12,-1.05,5835589.5,19.45
79,多头出场,2023-10-01 16:00,趋出,1678.45,11102.2404,17917905.78,716649.6,4.00,892842.2,4.98,-50071.1,-0.28,6552239,21.84
79,多头进场,2023-09-28 14:00,趋进,1613.9,11102.2404,17917905.78,716649.6,4.00,892842.2,4.98,-50071.1,-0.28,6552239,21.84
80,多头出场,2023-10-03 08:00,趋出,1662.41,10589.3884,18276225.44,-672320.25,-3.68,191667.94,1.05,-943620.4,-5.16,5879919,19.60
80,多头进场,2023-10-02 10:00,趋进,1725.9,10589.3884,18276225.44,-672320.25,-3.68,191667.94,1.05,-943620.4,-5.16,5879919,19.60
81,多头出场,2023-10-26 08:00,趋出,1787.15,11014.8949,17939959.32,1745310.1,9.73,2485841.5,13.86,-94067.2,-0.52,7625229,25.42
81,多头进场,2023-10-22 00:00,趋进,1628.7,11014.8949,17939959.32,1745310.1,9.73,2485841.5,13.86,-94067.2,-0.52,7625229,25.42
82,多头出场,2023-10-27 00:00,趋出,1778.23,10224.636,18812614.52,-630860.06,-3.35,36092.96,0.19,-745682.7,-3.96,6994369,23.31
82,多头进场,2023-10-26 18:00,趋进,1839.93,10224.636,18812614.52,-630860.06,-3.35,36092.96,0.19,-745682.7,-3.96,6994369,23.31
83,多头出场,2023-10-31 16:00,趋出,1790.58,10345.9915,18497287.82,28037.64,0.15,434221.25,2.35,-260822.45,-1.41,7022406.5,23.41
83,多头进场,2023-10-28 20:00,趋进,1787.87,10345.9915,18497287.82,28037.64,0.15,434221.25,2.35,-260822.45,-1.41,7022406.5,23.41
84,多头出场,2023-11-03 08:00,趋出,1800.79,10211.1622,18511101.17,-122942.39,-0.66,634827.94,3.43,-302658.84,-1.64,6899464,23.00
84,多头进场,2023-11-01 10:00,趋进,1812.83,10211.1622,18511101.17,-122942.39,-0.66,634827.94,3.43,-302658.84,-1.64,6899464,23.00
85,多头出场,2023-11-07 20:00,趋出,1873.4,10099.7022,18449630.99,471151.1,2.55,883521.94,4.79,-27471.19,-0.15,7370615.5,24.57
85,多头进场,2023-11-04 06:00,趋进,1826.75,10099.7022,18449630.99,471151.1,2.55,883521.94,4.79,-27471.19,-0.15,7370615.5,24.57
86,多头出场,2023-11-12 00:00,趋出,2068,9839.1884,18685307.51,1662134.1,8.90,2340939.8,12.53,-167266.2,-0.90,9032749,30.11
86,多头进场,2023-11-09 04:00,趋进,1899.07,9839.1884,18685307.51,1662134.1,8.90,2340939.8,12.53,-167266.2,-0.90,9032749,30.11
87,多头出场,2023-11-15 10:00,趋止损,1972.74,9381.1135,19516468.53,-1009970.7,-5.17,209386.45,1.07,-1349004.1,-6.91,8022779,26.74
87,多头进场,2023-11-14 02:00,趋进,2080.4,9381.1135,19516468.53,-1009970.7,-5.17,209386.45,1.07,-1349004.1,-6.91,8022779,26.74
88,多头出场,2023-11-26 00:00,趋出,2078.04,9361.3888,19011389.22,441951.16,2.32,956640.3,5.03,-141918.66,-0.75,8464730,28.22
88,多头进场,2023-11-22 22:00,趋进,2030.83,9361.3888,19011389.22,441951.16,2.32,956640.3,5.03,-141918.66,-0.75,8464730,28.22
89,多头出场,2023-12-06 00:00,趋出,2228.45,9421.0259,19232364.9,1761920.2,9.16,2193686,11.41,-16675.22,-0.09,10226650,34.09
89,多头进场,2023-12-01 04:00,趋进,2041.43,9421.0259,19232364.9,1761920.2,9.16,2193686,11.41,-16675.22,-0.09,10226650,34.09
90,多头出场,2023-12-07 00:00,趋出,2252.26,8847.7891,20113413.53,-185892.05,-0.92,344709.88,1.71,-349930.06,-1.74,10040758,33.47
90,多头进场,2023-12-06 06:00,趋进,2273.27,8847.7891,20113413.53,-185892.05,-0.92,344709.88,1.71,-349930.06,-1.74,10040758,33.47
91,多头出场,2023-12-10 00:00,趋出,2362.73,8574.5155,20020293.26,238971.75,1.19,584267.5,2.92,-77942.34,-0.39,10279730,34.27
91,多头进场,2023-12-08 02:00,趋进,2334.86,8574.5155,20020293.26,238971.75,1.19,584267.5,2.92,-77942.34,-0.39,10279730,34.27
92,多头出场,2023-12-22 00:00,趋止损,2232.51,8939.0925,20139775.4,-183162,-0.91,235187.53,1.17,-464832.8,-2.31,10096568,33.66
92,多头进场,2023-12-21 20:00,趋进,2253,8939.0925,20139775.4,-183162,-0.91,235187.53,1.17,-464832.8,-2.31,10096568,33.66
93,多头出场,2024-01-01 08:00,趋止损,2281.87,8684.1739,20048197.02,-232041.12,-1.16,110723.22,0.55,-431690.28,-2.15,9864527,32.88
93,多头进场,2023-12-31 20:00,趋进,2308.59,8684.1739,20048197.02,-232041.12,-1.16,110723.22,0.55,-431690.28,-2.15,9864527,32.88
94,多头出场,2024-01-03 22:00,趋止损,2223.79,8649.3915,19932263.23,-697832.9,-3.50,1097002.4,5.50,-1768541.1,-8.87,9166694,30.56
94,多头进场,2024-01-01 20:00,趋进,2304.47,8649.3915,19932263.23,-697832.9,-3.50,1097002.4,5.50,-1768541.1,-8.87,9166694,30.56
95,多头出场,2024-01-13 08:00,趋出,2522.55,8239.4791,19583346.74,1201151.2,6.13,2805954.5,14.33,-286486.7,-1.46,10367845,34.56
95,多头进场,2024-01-10 10:00,趋进,2376.77,8239.4791,19583346.74,1201151.2,6.13,2805954.5,14.33,-286486.7,-1.46,10367845,34.56
96,多头出场,2024-01-18 04:00,趋出,2533.29,7950.2448,20184002,-43726.35,-0.22,601356.5,2.98,-307992.47,-1.53,10324119,34.41
96,多头进场,2024-01-15 22:00,趋进,2538.79,7950.2448,20184002,-43726.35,-0.22,601356.5,2.98,-307992.47,-1.53,10324119,34.41
97,多头出场,2024-02-06 06:00,趋止损,2289.1,8687.5097,20161972.51,-275394.06,-1.37,152987.05,0.76,-322914.75,-1.60,10048725,33.50
97,多头进场,2024-02-05 18:00,趋进,2320.8,8687.5097,20161972.51,-275394.06,-1.37,152987.05,0.76,-322914.75,-1.60,10048725,33.50
98,多头出场,2024-02-11 08:00,趋出,2500.24,8653.4958,20024362.35,1611454,8.05,1825714.5,9.12,-40931.04,-0.20,11660179,38.87
98,多头进场,2024-02-06 14:00,趋进,2314.02,8653.4958,20024362.35,1611454,8.05,1825714.5,9.12,-40931.04,-0.20,11660179,38.87
99,多头出场,2024-02-12 04:00,趋出,2507.74,8255.4908,20830089.28,-127464.78,-0.61,75372.63,0.36,-217779.84,-1.05,11532714,38.44
99,多头进场,2024-02-11 18:00,趋进,2523.18,8255.4908,20830089.28,-127464.78,-0.61,75372.63,0.36,-217779.84,-1.05,11532714,38.44
100,多头出场,2024-02-17 00:00,趋出,2776.01,7955.6965,20766356.79,1318736.2,6.35,2047796.2,9.86,-161102.86,-0.78,12851450,42.84
100,多头进场,2024-02-13 04:00,趋进,2610.25,7955.6965,20766356.79,1318736.2,6.35,2047796.2,9.86,-161102.86,-0.78,12851450,42.84
101,多头出场,2024-02-22 00:00,趋出,2914.81,7649.3127,21425724.87,870568.25,4.06,1775329,8.29,-115581.12,-0.54,13722018,45.74
101,多头进场,2024-02-18 16:00,趋进,2801,7649.3127,21425724.87,870568.25,4.06,1775329,8.29,-115581.12,-0.54,13722018,45.74
102,多头出场,2024-03-01 12:00,趋出,3367.78,7230.0065,21861009.15,2488062.2,11.38,3608930,16.51,-850248.75,-3.89,16210081,54.03
102,多头进场,2024-02-22 18:00,趋进,3023.65,7230.0065,21861009.15,2488062.2,11.38,3608930,16.51,-850248.75,-3.89,16210081,54.03
103,多头出场,2024-03-06 08:00,趋出,3553.66,6667.7364,23105040.17,589827.94,2.55,2379315,10.30,-1768283.8,-7.65,16799908,56.00
103,多头进场,2024-03-04 04:00,趋进,3465.2,6667.7364,23105040.17,589827.94,2.55,2379315,10.30,-1768283.8,-7.65,16799908,56.00
104,多头出场,2024-03-09 12:00,趋出,3923.22,6170.4997,23399954.08,808273.75,3.45,1243479.1,5.31,-421013.2,-1.80,17608182,58.69
104,多头进场,2024-03-06 18:00,趋进,3792.23,6170.4997,23399954.08,808273.75,3.45,1243479.1,5.31,-421013.2,-1.80,17608182,58.69
105,多头出场,2024-03-13 04:00,趋出,3980.23,5900.4997,23804090.91,-318745,-1.34,352082.8,1.48,-1211195.6,-5.09,17289438,57.63
105,多头进场,2024-03-11 20:00,趋进,4034.25,5900.4997,23804090.91,-318745,-1.34,352082.8,1.48,-1211195.6,-5.09,17289438,57.63
106,多头出场,2024-03-15 04:00,趋止损,3785.89,5839.7882,23644776.84,-1535981.1,-6.50,23884.73,0.10,-1903245.4,-8.05,15753456,52.51
106,多头进场,2024-03-13 20:00,趋进,4048.91,5839.7882,23644776.84,-1535981.1,-6.50,23884.73,0.10,-1903245.4,-8.05,15753456,52.51
107,多头出场,2024-03-30 00:00,趋止损,3488.52,6390.6294,22876791.69,-582953.2,-2.55,204755.77,0.90,-630116.06,-2.75,15170503,50.57
107,多头进场,2024-03-28 20:00,趋进,3579.74,6390.6294,22876791.69,-582953.2,-2.55,204755.77,0.90,-630116.06,-2.75,15170503,50.57
108,多头出场,2024-04-02 00:00,趋止损,3444.04,6373.7668,22585251.44,-633743.6,-2.81,712905.8,3.16,-677149,-3.00,14536759,48.46
108,多头进场,2024-03-30 22:00,趋进,3543.47,6373.7668,22585251.44,-633743.6,-2.81,712905.8,3.16,-677149,-3.00,14536759,48.46
109,多头出场,2024-04-13 00:00,趋止损,3440.7,6249.5452,22268441.95,-765631.8,-3.44,344287.44,1.55,-774818.6,-3.48,13771128,45.90
109,多头进场,2024-04-11 14:00,趋进,3563.21,6249.5452,22268441.95,-765631.8,-3.44,344287.44,1.55,-774818.6,-3.48,13771128,45.90
110,多头出场,2024-04-24 00:00,趋出,3226.12,6831.5531,21885495.2,153914.89,0.70,410029.8,1.87,-352439.8,-1.61,13925042,46.42
110,多头进场,2024-04-22 16:00,趋进,3203.59,6831.5531,21885495.2,153914.89,0.70,410029.8,1.87,-352439.8,-1.61,13925042,46.42
111,多头出场,2024-04-25 04:00,趋止损,3134.67,6824.2404,21962521.12,-570779.44,-2.60,513524.1,2.34,-773937.1,-3.52,13354263,44.51
111,多头进场,2024-04-24 04:00,趋进,3218.31,6824.2404,21962521.12,-570779.44,-2.60,513524.1,2.34,-773937.1,-3.52,13354263,44.51
112,多头出场,2024-04-26 16:00,趋止损,3135.45,6868.9814,21677200.19,-139852.47,-0.65,56806.48,0.26,-216785.05,-1.00,13214411,44.05
112,多头进场,2024-04-26 08:00,趋进,3155.81,6868.9814,21677200.19,-139852.47,-0.65,56806.48,0.26,-216785.05,-1.00,13214411,44.05
113,多头出场,2024-05-07 00:00,趋止损,3089.25,6864.2243,21607273.89,-401968.97,-1.86,505138.28,2.34,-626017.25,-2.90,12812442,42.71
113,多头进场,2024-05-06 02:00,趋进,3147.81,6864.2243,21607273.89,-401968.97,-1.86,505138.28,2.34,-626017.25,-2.90,12812442,42.71
114,多头出场,2024-05-20 04:00,趋出,3065.2,7063.8268,21406220.73,245821.17,1.15,823500.94,3.85,-72757.41,-0.34,13058263,43.53
114,多头进场,2024-05-17 20:00,趋进,3030.4,7063.8268,21406220.73,245821.17,1.15,823500.94,3.85,-72757.41,-0.34,13058263,43.53
115,多头出场,2024-05-23 16:00,趋出,3813.99,6848.494,21529199.68,4590888,21.32,4779564,22.20,-56157.65,-0.26,17649150,58.83
115,多头进场,2024-05-21 02:00,趋进,3143.64,6848.494,21529199.68,4590888,21.32,4779564,22.20,-56157.65,-0.26,17649150,58.83
116,多头出场,2024-05-28 12:00,趋出,3849.72,6359.9531,23824575.11,659463.56,2.77,1468958.4,6.17,-101186.85,-0.42,18308614,61.03
116,多头进场,2024-05-26 06:00,趋进,3746.03,6359.9531,23824575.11,659463.56,2.77,1468958.4,6.17,-101186.85,-0.42,18308614,61.03
117,多头出场,2024-06-04 08:00,趋止损,3767.07,6326.7275,24154243.52,-321018.16,-1.33,203594.1,0.84,-375681.1,-1.56,17987596,59.96
117,多头进场,2024-06-03 16:00,趋进,3817.81,6326.7275,24154243.52,-321018.16,-1.33,203594.1,0.84,-375681.1,-1.56,17987596,59.96
118,多头出场,2024-06-07 08:00,趋出,3813.47,6291.6894,23993797.95,-629.17,0.00,464955.84,1.94,-337045.8,-1.40,17986966,59.96
118,多头进场,2024-06-05 02:00,趋进,3813.57,6291.6894,23993797.95,-629.17,0.00,464955.84,1.94,-337045.8,-1.40,17986966,59.96
119,多头出场,2024-07-18 04:00,趋出,3416.79,7393.8033,23994370.47,1268702.8,5.29,2009635.8,8.38,-88577.77,-0.37,19255670,64.19
119,多头进场,2024-07-15 08:00,趋进,3245.2,7393.8033,23994370.47,1268702.8,5.29,2009635.8,8.38,-88577.77,-0.37,19255670,64.19
120,多头出场,2024-07-20 20:00,趋出,3484.81,7035.2779,24627764.17,-111157.39,-0.45,279019.12,1.13,-144997.08,-0.59,19144512,63.82
120,多头进场,2024-07-20 02:00,趋进,3500.61,7035.2779,24627764.17,-111157.39,-0.45,279019.12,1.13,-144997.08,-0.59,19144512,63.82
121,多头出场,2024-07-25 04:00,趋止损,3362.99,6986.0536,24572325.77,-1078297.4,-4.39,165290.03,0.67,-1117349.4,-4.55,18066214,60.22
121,多头进场,2024-07-22 12:00,趋进,3517.34,6986.0536,24572325.77,-1078297.4,-4.39,165290.03,0.67,-1117349.4,-4.55,18066214,60.22
122,多头出场,2024-08-14 22:00,趋止损,2659.19,8863.5301,24033107.32,-463296.72,-1.93,607506.4,2.53,-535445.9,-2.23,17602918,58.68
122,多头进场,2024-08-14 04:00,趋进,2711.46,8863.5301,24033107.32,-463296.72,-1.93,607506.4,2.53,-535445.9,-2.23,17602918,58.68
123,多头出场,2024-08-21 00:00,趋止损,2575,8976.2291,23801458.84,-687668.94,-2.89,389478.6,1.64,-867193.5,-3.64,16915250,56.38
123,多头进场,2024-08-20 10:00,趋进,2651.61,8976.2291,23801458.84,-687668.94,-2.89,389478.6,1.64,-867193.5,-3.64,16915250,56.38
124,多头出场,2024-08-23 00:00,趋止损,2599.41,8863.8749,23457535.81,-416690.75,-1.78,153522.31,0.65,-551510.3,-2.35,16498558,55.00
124,多头进场,2024-08-22 04:00,趋进,2646.42,8863.8749,23457535.81,-416690.75,-1.78,153522.31,0.65,-551510.3,-2.35,16498558,55.00
125,多头出场,2024-08-26 12:00,趋出,2744.35,8820.8456,23249190.96,958296.7,4.12,1625593.6,6.99,-25404.03,-0.11,17456856,58.19
125,多头进场,2024-08-23 12:00,趋进,2635.71,8820.8456,23249190.96,958296.7,4.12,1625593.6,6.99,-25404.03,-0.11,17456856,58.19
126,多头出场,2024-09-16 00:00,趋出,2408.72,9843.7374,23728427.44,-17620.29,-0.07,534613.4,2.25,-332619.88,-1.40,17439234,58.13
126,多头进场,2024-09-14 02:00,趋进,2410.51,9843.7374,23728427.44,-17620.29,-0.07,534613.4,2.25,-332619.88,-1.40,17439234,58.13
127,多头出场,2024-09-23 00:00,趋出,2570.51,9988.2587,23719517.47,1955401.4,8.24,2575272.8,10.86,-21374.87,-0.09,19394636,64.65
127,多头进场,2024-09-19 08:00,趋进,2374.74,9988.2587,23719517.47,1955401.4,8.24,2575272.8,10.86,-21374.87,-0.09,19394636,64.65
128,多头出场,2024-09-24 16:00,趋出,2647,9293.7902,24697225.14,-96562.48,-0.39,422216.88,1.71,-446009,-1.81,19298074,64.33
128,多头进场,2024-09-23 14:00,趋进,2657.39,9293.7902,24697225.14,-96562.48,-0.39,422216.88,1.71,-446009,-1.81,19298074,64.33
129,多头出场,2024-09-29 08:00,趋出,2675.21,9408.532,24649036.65,520762.25,2.11,1023083.75,4.15,-112337.87,-0.46,19818836,66.06
129,多头进场,2024-09-26 18:00,趋进,2619.86,9408.532,24649036.65,520762.25,2.11,1023083.75,4.15,-112337.87,-0.46,19818836,66.06
130,多头出场,2024-10-17 04:00,趋出,2614.93,9840.0191,24909516.35,821444.8,3.30,1546359,6.21,-151536.3,-0.61,20640280,68.80
130,多头进场,2024-10-14 14:00,趋进,2531.45,9840.0191,24909516.35,821444.8,3.30,1546359,6.21,-151536.3,-0.61,20640280,68.80
131,多头出场,2024-10-22 08:00,趋出,2666.71,9646.6865,25320043.92,404871.44,1.60,1396261.4,5.51,-120969.44,-0.48,21045152,70.15
131,多头进场,2024-10-18 18:00,趋进,2624.74,9646.6865,25320043.92,404871.44,1.60,1396261.4,5.51,-120969.44,-0.48,21045152,70.15
132,多头出场,2024-11-01 00:00,趋止损,2562.86,9564.0321,25522576.06,-1011300.75,-3.96,513588.53,2.01,-1218170.8,-4.77,20033852,66.78
132,多头进场,2024-10-30 16:00,趋进,2668.6,9564.0321,25522576.06,-1011300.75,-3.96,513588.53,2.01,-1218170.8,-4.77,20033852,66.78
133,多头出场,2024-11-11 16:00,趋出,3140.16,8211.074,25016843.38,767242.75,3.07,1656994.8,6.62,-460969.7,-1.84,20801094,69.34
133,多头进场,2024-11-09 22:00,趋进,3046.72,8211.074,25016843.38,767242.75,3.07,1656994.8,6.62,-460969.7,-1.84,20801094,69.34
134,多头出场,2024-11-13 00:00,趋出,3261.72,7642.7331,25400547.03,-472091.62,-1.86,909561.7,3.58,-885181.4,-3.48,20329002,67.76
134,多头进场,2024-11-12 06:00,趋进,3323.49,7642.7331,25400547.03,-472091.62,-1.86,909561.7,3.58,-885181.4,-3.48,20329002,67.76
135,多头出场,2024-11-18 04:00,趋出,3097.74,8103.1522,25164582.25,-63123.55,-0.25,171705.8,0.68,-309540.4,-1.23,20265880,67.55
135,多头进场,2024-11-17 20:00,趋进,3105.53,8103.1522,25164582.25,-63123.55,-0.25,171705.8,0.68,-309540.4,-1.23,20265880,67.55
136,多头出场,2024-11-18 20:00,趋止损,3056.29,8028.2824,25133019.75,-596260.56,-2.37,74020.77,0.29,-646678.1,-2.57,19669618,65.57
136,多头进场,2024-11-18 16:00,趋进,3130.56,8028.2824,25133019.75,-596260.56,-2.37,74020.77,0.29,-646678.1,-2.57,19669618,65.57
137,多头出场,2024-11-20 08:00,趋止损,3107.45,7822.1842,24834887.28,-527841,-2.13,391187.44,1.58,-856763.8,-3.45,19141778,63.81
137,多头进场,2024-11-19 02:00,趋进,3174.93,7822.1842,24834887.28,-527841,-2.13,391187.44,1.58,-856763.8,-3.45,19141778,63.81
138,多头出场,2024-11-25 00:00,趋出,3294.39,7860.1942,24570809.87,1323735.2,5.39,2920298,11.89,-59816.08,-0.24,20465512,68.22
138,多头进场,2024-11-21 18:00,趋进,3125.98,7860.1942,24570809.87,1323735.2,5.39,2920298,11.89,-59816.08,-0.24,20465512,68.22
139,多头出场,2024-11-26 16:00,趋出,3394.8,7267.8338,25232756.1,-559913.94,-2.22,543779.3,2.16,-894815.7,-3.55,19905598,66.35
139,多头进场,2024-11-25 20:00,趋进,3471.84,7267.8338,25232756.1,-559913.94,-2.22,543779.3,2.16,-894815.7,-3.55,19905598,66.35
140,多头出场,2024-11-29 20:00,趋出,3594.75,7311.9613,24952872.25,1331800.6,5.34,1991120.1,7.98,-8628.11,-0.03,21237400,70.79
140,多头进场,2024-11-27 18:00,趋进,3412.61,7311.9613,24952872.25,1331800.6,5.34,1991120.1,7.98,-8628.11,-0.03,21237400,70.79
141,多头出场,2024-12-02 00:00,趋出,3728.59,6918.2326,25618630.41,176622.48,0.69,302603.5,1.18,-496936.66,-1.94,21414022,71.38
141,多头进场,2024-11-30 16:00,趋进,3703.06,6918.2326,25618630.41,176622.48,0.69,302603.5,1.18,-496936.66,-1.94,21414022,71.38
142,多头出场,2024-12-08 12:00,趋出,3989.28,7020.3208,25706940.5,2299084.8,8.94,2990235.5,11.63,-15725.52,-0.06,23713106,79.04
142,多头进场,2024-12-04 12:00,趋进,3661.79,7020.3208,25706940.5,2299084.8,8.94,2990235.5,11.63,-15725.52,-0.06,23713106,79.04
143,多头出场,2024-12-18 08:00,趋出,3893.01,6879.0815,26856553.29,-76220.23,-0.28,1401337.8,5.22,-410612.38,-1.53,23636886,78.79
143,多头进场,2024-12-16 04:00,趋进,3904.09,6879.0815,26856553.29,-76220.23,-0.28,1401337.8,5.22,-410612.38,-1.53,23636886,78.79
144,多头出场,2025-01-01 00:00,趋止损,3412.86,7822.5055,26818443.18,-121327.06,-0.45,177023.3,0.66,-185471.61,-0.69,23515560,78.39
144,多头进场,2024-12-31 22:00,趋进,3428.37,7822.5055,26818443.18,-121327.06,-0.45,177023.3,0.66,-185471.61,-0.69,23515560,78.39
145,多头出场,2025-01-06 08:00,趋出,3636,7483.7097,26757779.52,452988.94,1.69,746724.56,2.79,-22825.31,-0.09,23968548,79.90
145,多头进场,2025-01-04 02:00,趋进,3575.47,7483.7097,26757779.52,452988.94,1.69,746724.56,2.79,-22825.31,-0.09,23968548,79.90
146,多头出场,2025-01-08 00:00,趋止损,3462.65,7344.9181,26984200.81,-1551320.1,-5.75,216821.98,0.80,-1910046,-7.08,22417228,74.72
146,多头进场,2025-01-07 02:00,趋进,3673.86,7344.9181,26984200.81,-1551320.1,-5.75,216821.98,0.80,-1910046,-7.08,22417228,74.72
147,多头出场,2025-01-18 14:00,趋止损,3294,7703.8842,26208614.05,-832019.5,-3.17,953124.56,3.64,-862758,-3.29,21585208,71.95
147,多头进场,2025-01-17 22:00,趋进,3402,7703.8842,26208614.05,-832019.5,-3.17,953124.56,3.64,-862758,-3.29,21585208,71.95
148,多头出场,2025-01-20 06:00,趋止损,3233,7492.6444,25792529.23,-1568809.9,-6.08,49526.38,0.19,-1756126,-6.81,20016400,66.72
148,多头进场,2025-01-20 02:00,趋进,3442.38,7492.6444,25792529.23,-1568809.9,-6.08,49526.38,0.19,-1756126,-6.81,20016400,66.72
149,多头出场,2025-01-21 02:00,趋止损,3292.98,7434.0664,25008273.71,-528041.75,-2.11,201834.9,0.81,-1178968.6,-4.71,19488358,64.96
149,多头进场,2025-01-20 18:00,趋进,3364.01,7434.0664,25008273.71,-528041.75,-2.11,201834.9,0.81,-1178968.6,-4.71,19488358,64.96
150,多头出场,2025-01-26 18:00,趋止损,3298.5,7411.6321,24744252.58,-296984.1,-1.20,36168.77,0.15,-339082.16,-1.37,19191374,63.97
150,多头进场,2025-01-26 16:00,趋进,3338.57,7411.6321,24744252.58,-296984.1,-1.20,36168.77,0.15,-339082.16,-1.37,19191374,63.97
151,多头出场,2025-02-18 14:00,趋止损,2677.62,8927.0058,24595686.38,-692557.1,-2.82,843602.06,3.43,-724605.06,-2.95,18498816,61.66
151,多头进场,2025-02-17 20:00,趋进,2755.2,8927.0058,24595686.38,-692557.1,-2.82,843602.06,3.43,-724605.06,-2.95,18498816,61.66
152,多头出场,2025-02-22 02:00,趋止损,2672.65,8901.4132,24249407.87,-459045.88,-1.89,1077961.1,4.45,-628884.8,-2.59,18039770,60.13
152,多头进场,2025-02-19 18:00,趋进,2724.22,8901.4132,24249407.87,-459045.88,-1.89,1077961.1,4.45,-628884.8,-2.59,18039770,60.13
153,多头出场,2025-02-24 18:00,趋止损,2696.75,8653.6939,24019798.55,-682949.5,-2.84,706747.2,2.94,-842956.3,-3.51,17356820,57.86
153,多头进场,2025-02-23 00:00,趋进,2775.67,8653.6939,24019798.55,-682949.5,-2.84,706747.2,2.94,-842956.3,-3.51,17356820,57.86
154,多头出场,2025-03-26 12:00,趋出,2049.06,11933.2992,23678290.94,773755.1,3.27,1430683.2,6.04,-112650.34,-0.48,18130576,60.44
154,多头进场,2025-03-22 16:00,趋进,1984.22,11933.2992,23678290.94,773755.1,3.27,1430683.2,6.04,-112650.34,-0.48,18130576,60.44
155,多头出场,2025-04-22 02:00,趋止损,1578.43,14722.9727,24065435.03,-826253.25,-3.43,356295.94,1.48,-930197.44,-3.87,17304322,57.68
155,多头进场,2025-04-21 12:00,趋进,1634.55,14722.9727,24065435.03,-826253.25,-3.43,356295.94,1.48,-930197.44,-3.87,17304322,57.68
156,多头出场,2025-04-25 08:00,趋出,1769.64,14501.3649,23652161.19,2010034.2,8.50,2955813.2,12.50,-60615.71,-0.26,19314356,64.38
156,多头进场,2025-04-22 20:00,趋进,1631.03,14501.3649,23652161.19,2010034.2,8.50,2955813.2,12.50,-60615.71,-0.26,19314356,64.38
157,多头出场,2025-05-03 20:00,趋出,1824.1,13776.4222,24657315.98,472255.75,1.92,1148264.8,4.66,-800685.7,-3.25,19786612,65.96
157,多头进场,2025-04-26 06:00,趋进,1789.82,13776.4222,24657315.98,472255.75,1.92,1148264.8,4.66,-800685.7,-3.25,19786612,65.96
158,多头出场,2025-05-05 10:00,趋止损,1791.81,13521.7689,24893306.11,-664865.4,-2.67,15820.47,0.06,-799542.2,-3.21,19121748,63.74
158,多头进场,2025-05-04 16:00,趋进,1840.98,13521.7689,24893306.11,-664865.4,-2.67,15820.47,0.06,-799542.2,-3.21,19121748,63.74
159,多头出场,2025-05-08 02:00,趋止损,1796.25,13401.3966,24560873.56,-488614.9,-1.99,192176.03,0.78,-587919.25,-2.39,18633132,62.11
159,多头进场,2025-05-07 10:00,趋进,1832.71,13401.3966,24560873.56,-488614.9,-1.99,192176.03,0.78,-587919.25,-2.39,18633132,62.11
160,多头出场,2025-05-12 08:00,趋出,2514.58,12819.9866,24316565.98,7920316,32.57,9119626,37.50,-9871.39,-0.04,26553448,88.51
160,多头进场,2025-05-08 14:00,趋进,1896.77,12819.9866,24316565.98,7920316,32.57,9119626,37.50,-9871.39,-0.04,26553448,88.51
161,多头出场,2025-05-19 10:00,趋止损,2428.7,10831.7113,28276615.62,-1969638.4,-6.97,1386025.8,4.90,-3112275.5,-11.01,24583810,81.95
161,多头进场,2025-05-14 02:00,趋进,2610.54,10831.7113,28276615.62,-1969638.4,-6.97,1386025.8,4.90,-3112275.5,-11.01,24583810,81.95
162,多头出场,2025-05-22 02:00,趋止损,2472.8,10894.972,27291904.86,-350818.1,-1.29,1208797.1,4.43,-682025.25,-2.50,24232992,80.78
162,多头进场,2025-05-20 02:00,趋进,2505,10894.972,27291904.86,-350818.1,-1.29,1208797.1,4.43,-682025.25,-2.50,24232992,80.78
163,多头出场,2025-05-24 04:00,趋出,2560.97,10313.435,27116495.84,-704098.2,-2.60,1082807.5,3.99,-1350441.1,-4.98,23528894,78.43
163,多头进场,2025-05-22 12:00,趋进,2629.24,10313.435,27116495.84,-704098.2,-2.60,1082807.5,3.99,-1350441.1,-4.98,23528894,78.43
164,多头出场,2025-05-30 08:00,趋出,2631.39,9688.4875,26764446.72,-1270257.6,-4.75,41660.5,0.16,-1389813.5,-5.19,22258636,74.20
164,多头进场,2025-05-29 12:00,趋进,2762.5,9688.4875,26764446.72,-1270257.6,-4.75,41660.5,0.16,-1389813.5,-5.19,22258636,74.20
165,多头出场,2025-06-06 02:00,趋止损,2570.19,9956.3016,26129417.48,-539830.7,-2.07,552276.06,2.11,-711875.56,-2.72,21718806,72.40
165,多头进场,2025-06-04 20:00,趋进,2624.41,9956.3016,26129417.48,-539830.7,-2.07,552276.06,2.11,-711875.56,-2.72,21718806,72.40
166,多头出场,2025-06-26 22:00,趋止损,2433.67,10385.761,25859298.6,-583783.6,-2.26,109258.2,0.42,-680994.4,-2.63,21135022,70.45
166,多头进场,2025-06-26 16:00,趋进,2489.88,10385.761,25859298.6,-583783.6,-2.26,109258.2,0.42,-680994.4,-2.63,21135022,70.45
167,多头出场,2025-06-30 04:00,趋出,2437.97,10461.0814,25567510.61,-63707.98,-0.25,207338.64,0.81,-203049.6,-0.79,21071314,70.24
167,多头进场,2025-06-29 02:00,趋进,2444.06,10461.0814,25567510.61,-63707.98,-0.25,207338.64,0.81,-203049.6,-0.79,21071314,70.24
168,多头出场,2025-07-02 00:00,趋止损,2423.54,10171.137,25535758.26,-885600.9,-3.47,117578.34,0.46,-1056882.9,-4.14,20185712,67.29
168,多头进场,2025-06-30 10:00,趋进,2510.61,10171.137,25535758.26,-885600.9,-3.47,117578.34,0.46,-1056882.9,-4.14,20185712,67.29
169,多头出场,2025-07-05 00:00,趋出,2500.52,10259.9895,25092753.72,562555.25,2.24,1947448.6,7.76,-144973.66,-0.58,20748268,69.16
169,多头进场,2025-07-02 20:00,趋进,2445.69,10259.9895,25092753.72,562555.25,2.24,1947448.6,7.76,-144973.66,-0.58,20748268,69.16
170,多头出场,2025-07-13 04:00,趋出,2941.18,9804.1172,25374035.73,3461637.8,13.64,4431951,17.47,-296476.5,-1.17,24209906,80.70
170,多头进场,2025-07-08 22:00,趋进,2588.1,9804.1172,25374035.73,3461637.8,13.64,4431951,17.47,-296476.5,-1.17,24209906,80.70
171,多头出场,2025-07-19 20:00,趋出,3552.75,8915.4283,27104863.43,4569424.5,16.86,5648993.5,20.84,-960726.56,-3.54,28779330,95.93
171,多头进场,2025-07-14 14:00,趋进,3040.22,8915.4283,27104863.43,4569424.5,16.86,5648993.5,20.84,-960726.56,-3.54,28779330,95.93
172,多头出场,2025-07-21 16:00,趋出,3787.7,7927.8968,29389744.06,638750.6,2.17,930972.94,3.17,-202399.2,-0.69,29418080,98.06
172,多头进场,2025-07-20 18:00,趋进,3707.13,7927.8968,29389744.06,638750.6,2.17,930972.94,3.17,-202399.2,-0.69,29418080,98.06
173,多头出场,2025-07-29 12:00,趋出,3791.91,7796.8912,29709040.32,-143930.61,-0.48,1018507.9,3.43,-2397700,-8.07,29274150,97.58
173,多头进场,2025-07-22 00:00,趋进,3810.37,7796.8912,29709040.32,-143930.61,-0.48,1018507.9,3.43,-2397700,-8.07,29274150,97.58
174,多头出场,2025-08-01 04:00,趋出,3737.71,7671.4203,29637074.76,-963530.4,-3.25,117833.02,0.40,-984319.94,-3.32,28310620,94.37
174,多头进场,2025-07-31 12:00,趋进,3863.31,7671.4203,29637074.76,-963530.4,-3.25,117833.02,0.40,-984319.94,-3.32,28310620,94.37
175,多头出场,2025-08-11 12:00,趋出,4309.65,7914.7882,29155388.7,4954578.5,16.99,5218536.5,17.90,-285169.8,-0.98,33265198,110.88
175,多头进场,2025-08-07 04:00,趋进,3683.66,7914.7882,29155388.7,4954578.5,16.99,5218536.5,17.90,-285169.8,-0.98,33265198,110.88
176,多头出场,2025-08-15 04:00,趋出,4537.64,7072.4986,31632598.69,459853.84,1.45,2230524.5,7.05,-228017.36,-0.72,33725052,112.42
176,多头进场,2025-08-13 00:00,趋进,4472.62,7072.4986,31632598.69,459853.84,1.45,2230524.5,7.05,-228017.36,-0.72,33725052,112.42
177,多头出场,2025-08-29 00:00,趋止损,4504.01,6947.024,31862456.11,-572990.56,-1.80,205145.62,0.64,-705053.44,-2.21,33152062,110.51
177,多头进场,2025-08-28 18:00,趋进,4586.49,6947.024,31862456.11,-572990.56,-1.80,205145.62,0.64,-705053.44,-2.21,33152062,110.51
178,多头出场,2025-09-09 20:00,趋止损,4347.33,7239.6683,31576030.48,-102803.29,-0.33,37935.86,0.12,-140232.38,-0.44,33049258,110.16
178,多头进场,2025-09-09 16:00,趋进,4361.53,7239.6683,31576030.48,-102803.29,-0.33,37935.86,0.12,-140232.38,-0.44,33049258,110.16
179,多头出场,2025-09-20 00:00,趋止损,4474.93,6960.3391,31524628.64,-377598.4,-1.20,802457.5,2.55,-581466.75,-1.84,32671660,108.91
179,多头进场,2025-09-18 06:00,趋进,4529.18,6960.3391,31524628.64,-377598.4,-1.20,802457.5,2.55,-581466.75,-1.84,32671660,108.91
180,多头出场,2025-10-04 20:00,趋出,4483.84,7290.454,31335902.29,1353327,4.32,2138873.5,6.83,-132759.17,-0.42,34024988,113.42
180,多头进场,2025-10-01 20:00,趋进,4298.21,7290.454,31335902.29,1353327,4.32,2138873.5,6.83,-132759.17,-0.42,34024988,113.42
181,多头出场,2025-10-08 04:00,趋出,4479.48,6950.2175,32012562.8,-879202.5,-2.75,1035721.44,3.24,-1110992.2,-3.47,33145784,110.49
181,多头进场,2025-10-05 16:00,趋进,4605.98,6950.2175,32012562.8,-879202.5,-2.75,1035721.44,3.24,-1110992.2,-3.47,33145784,110.49
182,多头出场,2025-10-29 00:00,趋出,4096.86,7988.1016,31572811.81,1153322.1,3.65,2406335.8,7.62,-267202,-0.85,34299108,114.33
182,多头进场,2025-10-26 06:00,趋进,3952.48,7988.1016,31572811.81,1153322.1,3.65,2406335.8,7.62,-267202,-0.85,34299108,114.33
183,多头出场,2025-11-13 18:00,趋止损,3486.43,9085.0283,32149553.05,-475237.84,-1.48,102297.42,0.32,-569449.56,-1.77,33823868,112.75
183,多头进场,2025-11-13 16:00,趋进,3538.74,9085.0283,32149553.05,-475237.84,-1.48,102297.42,0.32,-569449.56,-1.77,33823868,112.75
184,多头出场,2025-11-26 12:00,趋止损,2927.19,10743.6014,31911934.11,-463371.53,-1.45,66395.45,0.21,-518271.34,-1.62,33360496,111.20
184,多头进场,2025-11-26 10:00,趋进,2970.32,10743.6014,31911934.11,-463371.53,-1.45,66395.45,0.21,-518271.34,-1.62,33360496,111.20
185,多头出场,2025-11-29 16:00,趋出,3004.9,10447.6659,31680248.36,-286057.1,-0.90,697068.25,2.20,-485816.47,-1.53,33074440,110.25
185,多头进场,2025-11-27 04:00,趋进,3032.28,10447.6659,31680248.36,-286057.1,-0.90,697068.25,2.20,-485816.47,-1.53,33074440,110.25
186,多头出场,2025-12-01 10:00,趋止损,2850.87,10412.8253,31537219.86,-1851608.6,-5.87,215024.84,0.68,-2062364.1,-6.54,31222832,104.08
186,多头进场,2025-12-01 00:00,趋进,3028.69,10412.8253,31537219.86,-1851608.6,-5.87,215024.84,0.68,-2062364.1,-6.54,31222832,104.08
187,多头出场,2025-12-11 20:00,趋出,3192.75,9069.4309,30611505.95,-1655080.5,-5.41,654812.94,2.14,-1887983.4,-6.17,29567750,98.56
187,多头进场,2025-12-10 02:00,趋进,3375.24,9069.4309,30611505.95,-1655080.5,-5.41,654812.94,2.14,-1887983.4,-6.17,29567750,98.56
188,多头出场,2025-12-13 00:00,趋止损,3071.4,9160.3797,29783783.75,-1648593.5,-5.54,39664.45,0.13,-1770243.4,-5.94,27919158,93.06
188,多头进场,2025-12-12 18:00,趋进,3251.37,9160.3797,29783783.75,-1648593.5,-5.54,39664.45,0.13,-1770243.4,-5.94,27919158,93.06
189,多头出场,2025-12-23 04:00,趋止损,2980.44,9584.4404,28959674.2,-393824.66,-1.36,535386.8,1.85,-453344.03,-1.57,27525332,91.75
189,多头进场,2025-12-22 12:00,趋进,3021.53,9584.4404,28959674.2,-393824.66,-1.36,535386.8,1.85,-453344.03,-1.57,27525332,91.75
190,多头出场,2025-12-31 08:00,开盘价,2980.13,9655.5303,28762666.1,12069.41,0.04,298549,1.04,-329446.7,-1.15,27537402,91.79
190,多头进场,2025-12-30 20:00,趋进,2978.88,9655.5303,28762666.1,12069.41,0.04,298549,1.04,-329446.7,-1.15,27537402,91.79