timestamp,open,high,low,close,volume
2026-02-03 01:18:00,2370.63,2371.5,2369.35,2369.54,26.1735
2026-02-03 01:19:00,2369.37,2375.47,2367.69,2374.62,16.875
2026-02-03 01:20:00,2374.87,2378.94,2373.5,2376.8,73.1687
2026-02-03 01:21:00,2376.81,2377.42,2373.2,2373.59,64.3129
2026-02-03 01:22:00,2373.69,2374.07,2371.86,2371.87,9.5563
2026-02-03 01:23:00,2371.86,2375.53,2371.53,2373.84,12.7622
2026-02-03 01:24:00,2373.68,2375.16,2372.55,2372.7,6.4327
2026-02-03 01:25:00,2372.7,2373.13,2366.45,2370.11,14.2293
2026-02-03 01:26:00,2369.86,2369.86,2362.66,2362.67,54.2915
2026-02-03 01:27:00,2362.67,2365.83,2362.67,2365.32,5.6842
2026-02-03 01:28:00,2365.83,2365.85,2363.9,2365.06,5.4303
2026-02-03 01:29:00,2365.08,2366.25,2361.84,2363.93,11.2688
2026-02-03 01:30:00,2363.88,2365.08,2362.25,2364.35,23.8069
2026-02-03 01:31:00,2364.13,2368.51,2363.82,2367.88,65.7461
2026-02-03 01:32:00,2367.94,2370.52,2365.24,2369.38,84.7967
2026-02-03 01:33:00,2369.37,2369.37,2364.82,2365.23,7.5438
2026-02-03 01:34:00,2365.36,2366.67,2364.32,2364.33,6.632
2026-02-03 01:35:00,2364.49,2370.77,2362.67,2363.62,16.2972
2026-02-03 01:36:00,2363.9,2364.03,2357.84,2360.94,22.0471
2026-02-03 01:37:00,2361.17,2361.17,2356.85,2360.25,23.9938
2026-02-03 01:38:00,2360.03,2362.59,2360.03,2362.27,2.5487
2026-02-03 01:39:00,2362.26,2362.26,2357.14,2357.57,5.5865
2026-02-03 01:40:00,2357.57,2358.37,2355.0,2355.94,7.8167
2026-02-03 01:41:00,2356.05,2359.08,2343.33,2345.56,236.1483
2026-02-03 01:42:00,2345.81,2351.72,2345.81,2348.68,38.5749
2026-02-03 01:43:00,2348.64,2350.97,2347.39,2348.79,56.4901
2026-02-03 01:44:00,2348.57,2351.71,2348.29,2350.86,33.3169
2026-02-03 01:45:00,2350.93,2353.26,2350.51,2352.83,12.1785
2026-02-03 01:46:00,2353.36,2353.46,2350.15,2351.18,4.1898
2026-02-03 01:47:00,2350.99,2356.44,2350.6,2354.9,18.8979
2026-02-03 01:48:00,2354.9,2357.79,2354.67,2357.54,27.5607
2026-02-03 01:49:00,2357.54,2357.54,2354.58,2356.01,40.8216
2026-02-03 01:50:00,2356.01,2356.32,2349.97,2349.97,98.8746
2026-02-03 01:51:00,2349.96,2349.97,2343.65,2347.1,47.6918
2026-02-03 01:52:00,2346.57,2347.7,2345.24,2347.7,16.5572
2026-02-03 01:53:00,2347.25,2348.98,2345.85,2348.81,6.6209
2026-02-03 01:54:00,2348.31,2355.22,2348.31,2355.03,29.3174
2026-02-03 01:55:00,2354.64,2355.3,2351.1,2354.08,17.3905
2026-02-03 01:56:00,2354.23,2354.92,2351.69,2352.06,9.436
2026-02-03 01:57:00,2352.05,2353.75,2351.41,2352.86,31.1281
2026-02-03 01:58:00,2352.85,2352.9,2350.03,2351.64,45.0892
2026-02-03 01:59:00,2351.61,2355.24,2350.6,2354.17,19.3787
2026-02-03 02:00:00,2353.34,2354.42,2351.02,2351.02,5.0566
2026-02-03 02:01:00,2350.95,2352.13,2347.76,2350.2,23.6588
2026-02-03 02:02:00,2350.2,2351.53,2348.65,2349.8,61.717
2026-02-03 02:03:00,2349.99,2349.99,2344.82,2347.94,140.7154
2026-02-03 02:04:00,2347.94,2348.21,2345.85,2347.6,23.8403
2026-02-03 02:05:00,2347.6,2347.61,2342.55,2342.87,62.295
2026-02-03 02:06:00,2343.05,2346.22,2341.87,2342.58,37.514
2026-02-03 02:07:00,2342.12,2343.61,2340.15,2341.67,22.5937
2026-02-03 02:08:00,2341.68,2342.86,2338.69,2342.07,47.3162
2026-02-03 02:09:00,2341.89,2345.51,2339.91,2344.0,21.5661
2026-02-03 02:10:00,2343.77,2343.77,2337.03,2339.35,13.1792
2026-02-03 02:11:00,2339.07,2339.36,2337.28,2338.44,8.9935
2026-02-03 02:12:00,2338.54,2338.68,2337.15,2338.18,4.5837
2026-02-03 02:13:00,2338.17,2340.87,2338.0,2340.86,5.0237
2026-02-03 02:14:00,2340.9,2342.02,2340.89,2341.77,6.6972
2026-02-03 02:15:00,2341.63,2342.3,2340.24,2340.5,11.0685
2026-02-03 02:16:00,2340.62,2340.62,2337.09,2337.47,16.8421
2026-02-03 02:17:00,2337.8,2340.1,2337.19,2338.35,18.8653
2026-02-03 02:18:00,2338.08,2340.37,2337.36,2337.92,59.2206
2026-02-03 02:19:00,2338.02,2343.16,2337.19,2342.95,13.9714
2026-02-03 02:20:00,2343.22,2343.37,2339.2,2339.83,16.2189
2026-02-03 02:21:00,2339.76,2340.62,2338.27,2339.0,6.6726
2026-02-03 02:22:00,2338.9,2340.21,2336.98,2339.53,26.3531
2026-02-03 02:23:00,2339.35,2343.14,2339.0,2343.12,42.0217
2026-02-03 02:24:00,2342.94,2343.68,2342.1,2342.39,56.8351
2026-02-03 02:25:00,2342.54,2344.16,2342.4,2343.21,79.8428
2026-02-03 02:26:00,2343.45,2343.66,2335.0,2339.52,29.9034
2026-02-03 02:27:00,2339.51,2339.51,2337.51,2338.74,5.9152
2026-02-03 02:28:00,2338.86,2339.66,2331.25,2332.11,21.8917
2026-02-03 02:29:00,2332.1,2334.03,2331.93,2333.88,27.6856
2026-02-03 02:30:00,2333.66,2336.09,2333.58,2335.62,14.1458
2026-02-03 02:31:00,2335.75,2348.14,2335.75,2345.23,90.8177
2026-02-03 02:32:00,2345.06,2350.96,2345.03,2349.32,69.1784
2026-02-03 02:33:00,2349.01,2350.13,2347.24,2347.54,29.8301
2026-02-03 02:34:00,2347.86,2357.11,2347.74,2354.27,144.0804
2026-02-03 02:35:00,2354.11,2354.11,2346.93,2347.37,25.897
2026-02-03 02:36:00,2347.4,2348.66,2346.12,2348.25,91.8513
2026-02-03 02:37:00,2348.24,2348.24,2345.69,2345.81,61.3927
2026-02-03 02:38:00,2346.06,2347.7,2343.38,2345.08,31.8403
2026-02-03 02:39:00,2344.87,2348.58,2344.87,2348.58,3.8706
2026-02-03 02:40:00,2348.37,2349.99,2343.58,2346.84,51.446
2026-02-03 02:41:00,2346.57,2346.57,2341.89,2345.33,49.8302
2026-02-03 02:42:00,2345.38,2346.0,2343.94,2345.02,5.7313
2026-02-03 02:43:00,2345.15,2345.15,2342.73,2344.44,4.6999
2026-02-03 02:44:00,2344.63,2344.86,2343.68,2343.84,3.3701
2026-02-03 02:45:00,2343.51,2348.23,2343.51,2348.23,4.5599
2026-02-03 02:46:00,2348.23,2348.23,2343.07,2344.0,27.7987
2026-02-03 02:47:00,2344.17,2346.12,2344.17,2345.82,7.9202
2026-02-03 02:48:00,2345.66,2348.34,2344.83,2348.34,14.7577
2026-02-03 02:49:00,2348.57,2349.02,2344.72,2344.77,19.7676
2026-02-03 02:50:00,2344.54,2345.2,2343.47,2344.22,27.342
2026-02-03 02:51:00,2344.5,2348.1,2343.26,2343.86,111.5798
2026-02-03 02:52:00,2343.86,2346.67,2343.82,2345.65,71.9824
2026-02-03 02:53:00,2345.58,2345.77,2342.0,2342.4,164.1461
2026-02-03 02:54:00,2342.26,2344.35,2342.26,2344.35,8.2104
2026-02-03 02:55:00,2344.54,2345.58,2343.26,2345.23,45.7863
2026-02-03 02:56:00,2345.18,2345.18,2342.25,2343.83,17.1846
2026-02-03 02:57:00,2343.12,2344.08,2342.9,2343.73,3.6907
2026-02-03 02:58:00,2343.16,2343.69,2342.45,2343.22,8.1029
2026-02-03 02:59:00,2343.48,2344.16,2341.1,2341.76,10.7062
2026-02-03 03:00:00,2341.73,2345.35,2337.74,2343.22,47.9084
2026-02-03 03:01:00,2342.56,2343.79,2340.34,2341.57,63.39
2026-02-03 03:02:00,2341.57,2344.98,2339.69,2342.19,38.6537
2026-02-03 03:03:00,2342.19,2344.17,2340.17,2343.72,79.3365
2026-02-03 03:04:00,2343.72,2343.72,2338.29,2339.69,92.7226
2026-02-03 03:05:00,2339.47,2340.0,2336.44,2340.0,75.7343
2026-02-03 03:06:00,2340.0,2341.08,2338.69,2340.5,15.4375
2026-02-03 03:07:00,2340.75,2341.1,2338.14,2338.68,8.3772
2026-02-03 03:08:00,2338.68,2340.14,2337.91,2338.06,4.8958
2026-02-03 03:09:00,2338.73,2338.73,2336.97,2338.03,34.0001
2026-02-03 03:10:00,2338.16,2342.16,2337.48,2339.99,10.4115
2026-02-03 03:11:00,2339.38,2347.0,2339.38,2344.72,40.8283
2026-02-03 03:12:00,2344.54,2347.31,2344.54,2345.0,45.0705
2026-02-03 03:13:00,2344.99,2346.25,2344.02,2344.51,8.0337
2026-02-03 03:14:00,2344.71,2344.85,2341.51,2342.82,17.7013
2026-02-03 03:15:00,2343.09,2345.87,2343.09,2345.27,6.8272
2026-02-03 03:16:00,2345.21,2345.21,2343.37,2344.97,3.9255
2026-02-03 03:17:00,2345.18,2347.28,2344.59,2345.24,58.5182
2026-02-03 03:18:00,2345.63,2345.63,2342.51,2343.49,30.6819
2026-02-03 03:19:00,2343.28,2343.7,2340.27,2340.53,3.3667
2026-02-03 03:20:00,2340.67,2342.21,2338.55,2339.36,9.193
2026-02-03 03:21:00,2339.95,2344.13,2339.95,2343.94,10.3582
2026-02-03 03:22:00,2343.58,2343.58,2340.15,2341.63,8.3655
2026-02-03 03:23:00,2341.63,2342.5,2340.32,2340.61,3.245
2026-02-03 03:24:00,2341.05,2341.18,2340.0,2340.75,7.1316
2026-02-03 03:25:00,2341.05,2341.16,2340.36,2340.7,3.403
2026-02-03 03:26:00,2340.69,2340.95,2339.63,2340.4,2.565
2026-02-03 03:27:00,2340.4,2341.28,2337.54,2337.68,6.3027
2026-02-03 03:28:00,2337.54,2337.54,2333.44,2336.12,21.9701
2026-02-03 03:29:00,2336.12,2339.85,2336.04,2339.43,11.0479
2026-02-03 03:30:00,2339.43,2339.46,2336.97,2337.12,4.2742
2026-02-03 03:31:00,2337.23,2337.23,2334.17,2334.3,14.4472
2026-02-03 03:32:00,2334.1,2334.64,2331.32,2332.77,8.2784
2026-02-03 03:33:00,2332.77,2336.89,2330.24,2332.9,73.6336
2026-02-03 03:34:00,2332.91,2333.99,2330.27,2330.27,26.3106
2026-02-03 03:35:00,2330.27,2332.77,2328.97,2331.25,22.6496
2026-02-03 03:36:00,2331.26,2332.9,2329.68,2332.74,27.5072
2026-02-03 03:37:00,2332.82,2336.34,2331.93,2336.34,7.4056
2026-02-03 03:38:00,2335.62,2336.4,2334.0,2335.44,17.7413
2026-02-03 03:39:00,2335.39,2336.88,2334.89,2335.13,15.6501
2026-02-03 03:40:00,2335.12,2340.71,2334.68,2338.92,24.6339
2026-02-03 03:41:00,2338.53,2338.53,2335.88,2336.38,14.1245
2026-02-03 03:42:00,2336.37,2337.07,2334.68,2336.66,5.1647
2026-02-03 03:43:00,2336.66,2336.89,2335.11,2335.43,9.6244
2026-02-03 03:44:00,2335.75,2338.83,2335.74,2338.73,8.7839
2026-02-03 03:45:00,2338.7,2338.83,2336.58,2336.58,12.9547
2026-02-03 03:46:00,2336.88,2337.25,2332.39,2332.71,12.1109
2026-02-03 03:47:00,2332.59,2335.41,2330.0,2335.41,15.0099
2026-02-03 03:48:00,2335.41,2335.59,2334.26,2334.4,11.7119
2026-02-03 03:49:00,2334.4,2334.9,2331.67,2331.67,8.0679
2026-02-03 03:50:00,2331.67,2332.18,2329.19,2329.71,79.2347
2026-02-03 03:51:00,2329.94,2330.12,2325.43,2327.32,47.0456
2026-02-03 03:52:00,2327.43,2328.75,2327.15,2328.68,18.3714
2026-02-03 03:53:00,2328.63,2328.68,2326.71,2326.93,6.3962
2026-02-03 03:54:00,2326.67,2330.67,2323.55,2330.54,100.0398
2026-02-03 03:55:00,2330.54,2331.66,2329.65,2331.55,5.4497
2026-02-03 03:56:00,2331.4,2332.43,2331.31,2331.77,5.9573
2026-02-03 03:57:00,2331.77,2334.19,2330.27,2333.89,22.5247
2026-02-03 03:58:00,2333.9,2337.11,2333.9,2335.55,9.5777
2026-02-03 03:59:00,2335.98,2336.57,2328.4,2328.42,18.1769
2026-02-03 04:00:00,2328.22,2328.89,2321.45,2324.6,68.7636
2026-02-03 04:01:00,2324.71,2330.22,2321.28,2329.6,42.6633
2026-02-03 04:02:00,2329.19,2330.8,2326.28,2327.47,12.3938
2026-02-03 04:03:00,2327.8,2330.08,2323.28,2325.52,33.5051
2026-02-03 04:04:00,2325.32,2331.66,2324.6,2331.65,18.3705
2026-02-03 04:05:00,2331.22,2334.05,2330.8,2331.05,68.4433
2026-02-03 04:06:00,2331.77,2336.18,2330.8,2334.57,18.421
2026-02-03 04:07:00,2334.31,2334.31,2330.0,2330.3,27.8533
2026-02-03 04:08:00,2331.09,2337.3,2331.05,2336.59,23.6617
2026-02-03 04:09:00,2336.59,2337.04,2329.96,2330.45,14.1931
2026-02-03 04:10:00,2330.41,2331.16,2327.0,2327.0,43.5633
2026-02-03 04:11:00,2327.0,2331.2,2327.0,2328.45,8.4715
2026-02-03 04:12:00,2328.44,2328.44,2324.53,2325.57,17.0624
2026-02-03 04:13:00,2325.94,2326.82,2325.24,2325.25,58.9952
2026-02-03 04:14:00,2325.29,2325.68,2323.95,2323.97,7.5212
2026-02-03 04:15:00,2323.85,2326.47,2322.63,2324.08,56.8169
2026-02-03 04:16:00,2324.08,2324.67,2321.13,2321.9,10.7317
2026-02-03 04:17:00,2321.9,2323.82,2318.71,2323.62,65.3496
2026-02-03 04:18:00,2323.06,2327.35,2323.06,2325.63,10.9574
2026-02-03 04:19:00,2325.54,2325.54,2322.86,2323.04,3.4918
2026-02-03 04:20:00,2322.8,2324.07,2320.0,2323.52,4.2367
2026-02-03 04:21:00,2323.52,2326.48,2323.28,2323.81,8.8436
2026-02-03 04:22:00,2323.86,2327.87,2323.86,2326.85,9.674
2026-02-03 04:23:00,2326.84,2326.84,2323.62,2325.93,9.3841
2026-02-03 04:24:00,2325.94,2327.93,2325.94,2327.87,15.1661
2026-02-03 04:25:00,2328.05,2328.05,2324.4,2325.61,3.8094
2026-02-03 04:26:00,2325.51,2326.77,2325.51,2326.18,3.7555
2026-02-03 04:27:00,2326.05,2329.56,2325.8,2329.5,12.4983
2026-02-03 04:28:00,2329.61,2330.72,2327.32,2327.75,11.9407
2026-02-03 04:29:00,2327.96,2327.96,2324.12,2325.41,4.4282
2026-02-03 04:30:00,2325.1,2325.1,2316.8,2317.43,54.7428
2026-02-03 04:31:00,2317.34,2323.82,2315.78,2322.81,17.5159
2026-02-03 04:32:00,2322.57,2322.57,2318.24,2318.24,14.6424
2026-02-03 04:33:00,2318.4,2320.14,2314.18,2314.29,19.0518
2026-02-03 04:34:00,2314.51,2315.31,2313.88,2315.15,54.5368
2026-02-03 04:35:00,2315.21,2315.31,2310.55,2311.54,24.4414
2026-02-03 04:36:00,2311.23,2315.07,2311.23,2313.89,17.6828
2026-02-03 04:37:00,2314.26,2315.31,2313.3,2314.25,39.5981
2026-02-03 04:38:00,2314.38,2316.26,2313.46,2313.81,18.4031
2026-02-03 04:39:00,2313.8,2314.8,2311.36,2312.04,3.3417
2026-02-03 04:40:00,2312.26,2314.57,2312.26,2313.13,3.8512
2026-02-03 04:41:00,2313.21,2316.27,2313.21,2316.2,11.6762
2026-02-03 04:42:00,2316.2,2318.72,2313.56,2313.76,10.0471
2026-02-03 04:43:00,2313.52,2316.02,2313.52,2314.78,6.9371
2026-02-03 04:44:00,2314.78,2316.44,2314.78,2315.33,7.4382
2026-02-03 04:45:00,2315.39,2316.27,2314.03,2316.27,9.0276
2026-02-03 04:46:00,2316.0,2316.99,2314.42,2314.42,2.6994
2026-02-03 04:47:00,2314.62,2316.02,2312.94,2312.94,11.4486
2026-02-03 04:48:00,2313.11,2314.18,2311.68,2312.53,46.4351
2026-02-03 04:49:00,2312.06,2314.52,2310.35,2314.52,24.6436
2026-02-03 04:50:00,2314.57,2320.05,2313.47,2320.05,23.0309
2026-02-03 04:51:00,2320.05,2320.05,2314.2,2316.45,53.141
2026-02-03 04:52:00,2316.66,2317.59,2314.58,2315.49,13.2274
2026-02-03 04:53:00,2315.19,2315.22,2314.24,2314.67,2.4912
2026-02-03 04:54:00,2314.78,2315.13,2312.66,2314.06,5.6473
2026-02-03 04:55:00,2314.18,2314.84,2311.89,2313.04,23.8997
2026-02-03 04:56:00,2313.09,2316.67,2312.73,2316.58,5.5871
2026-02-03 04:57:00,2316.67,2321.87,2316.67,2318.37,49.7291
2026-02-03 04:58:00,2318.3,2320.29,2316.45,2318.33,41.5533
2026-02-03 04:59:00,2318.02,2318.72,2316.39,2318.72,57.339
2026-02-03 05:00:00,2318.8,2323.96,2315.87,2323.14,86.2658
2026-02-03 05:01:00,2323.44,2329.45,2323.07,2329.33,22.2124
2026-02-03 05:02:00,2328.98,2330.76,2326.49,2326.82,26.2567
2026-02-03 05:03:00,2327.08,2334.09,2326.59,2331.66,43.2353
2026-02-03 05:04:00,2331.49,2334.62,2330.37,2334.48,19.3731
2026-02-03 05:05:00,2334.62,2339.79,2332.34,2333.05,76.4394
2026-02-03 05:06:00,2332.81,2334.2,2331.11,2332.69,7.3889
2026-02-03 05:07:00,2332.81,2335.74,2330.5,2330.5,39.9734
2026-02-03 05:08:00,2330.34,2334.55,2330.34,2333.72,9.987
2026-02-03 05:09:00,2333.69,2333.9,2332.51,2332.81,5.3059
2026-02-03 05:10:00,2332.35,2333.24,2331.65,2332.05,20.0219
2026-02-03 05:11:00,2331.89,2332.7,2331.27,2332.39,5.6193
2026-02-03 05:12:00,2332.16,2334.71,2331.46,2334.67,9.6785
2026-02-03 05:13:00,2334.93,2334.93,2331.39,2331.4,1.9804
2026-02-03 05:14:00,2331.63,2331.88,2331.63,2331.88,1.2454
2026-02-03 05:15:00,2331.96,2334.7,2331.87,2334.7,21.4008
2026-02-03 05:16:00,2334.9,2337.41,2333.17,2333.17,17.5111
2026-02-03 05:17:00,2332.91,2332.91,2330.15,2330.15,10.9634
2026-02-03 05:18:00,2330.16,2332.66,2330.16,2331.62,6.6825
2026-02-03 05:19:00,2331.98,2333.03,2331.98,2332.71,1.3385
2026-02-03 05:20:00,2332.5,2332.5,2330.5,2331.27,3.6448
2026-02-03 05:21:00,2331.26,2331.26,2328.14,2330.7,76.4842
2026-02-03 05:22:00,2331.01,2331.39,2328.58,2328.59,25.7606
2026-02-03 05:23:00,2328.59,2329.08,2327.09,2328.63,42.7373
2026-02-03 05:24:00,2328.63,2328.63,2326.67,2327.03,16.4938
2026-02-03 05:25:00,2327.04,2327.65,2326.84,2327.21,1.8352
2026-02-03 05:26:00,2327.66,2328.57,2327.66,2328.06,1.3458
2026-02-03 05:27:00,2328.06,2328.25,2326.0,2326.01,5.9195
2026-02-03 05:28:00,2326.09,2327.34,2326.09,2327.09,4.2897
2026-02-03 05:29:00,2327.1,2329.91,2327.1,2329.67,41.418
2026-02-03 05:30:00,2329.49,2332.08,2328.96,2331.44,8.5297
2026-02-03 05:31:00,2331.36,2334.39,2331.36,2334.39,24.4111
2026-02-03 05:32:00,2334.52,2335.15,2333.18,2333.74,36.6213
2026-02-03 05:33:00,2333.48,2336.93,2333.17,2336.93,19.8222
2026-02-03 05:34:00,2336.94,2337.63,2335.75,2337.46,19.3707
2026-02-03 05:35:00,2337.52,2339.16,2337.21,2337.71,13.8479
2026-02-03 05:36:00,2338.19,2339.04,2335.97,2337.74,4.7843
2026-02-03 05:37:00,2337.97,2338.54,2336.87,2337.74,35.7202
2026-02-03 05:38:00,2337.69,2337.69,2336.34,2337.04,27.5602
2026-02-03 05:39:00,2337.46,2343.17,2337.46,2338.41,15.5861
2026-02-03 05:40:00,2338.71,2339.71,2338.05,2339.61,4.469
2026-02-03 05:41:00,2339.41,2339.41,2337.11,2337.73,5.5927
2026-02-03 05:42:00,2337.5,2338.95,2337.5,2338.64,1.7597
2026-02-03 05:43:00,2338.65,2339.34,2338.56,2338.56,11.1493
2026-02-03 05:44:00,2338.17,2338.17,2335.02,2336.8,11.351
2026-02-03 05:45:00,2336.89,2338.87,2336.56,2338.86,3.9891
2026-02-03 05:46:00,2338.87,2339.4,2336.89,2338.09,14.7685
2026-02-03 05:47:00,2338.1,2338.74,2337.12,2338.74,3.8494
2026-02-03 05:48:00,2338.59,2339.34,2338.21,2338.47,1.1312
2026-02-03 05:49:00,2338.54,2338.54,2336.32,2336.69,1.526
2026-02-03 05:50:00,2337.04,2338.22,2336.6,2336.76,12.5763
2026-02-03 05:51:00,2336.49,2337.49,2335.78,2336.76,1.7536
2026-02-03 05:52:00,2337.11,2339.21,2337.06,2338.65,13.7933
2026-02-03 05:53:00,2338.72,2341.71,2338.72,2341.56,18.6475
2026-02-03 05:54:00,2341.75,2341.75,2338.03,2340.15,91.2086
2026-02-03 05:55:00,2340.57,2340.83,2339.57,2339.74,2.5518
2026-02-03 05:56:00,2339.57,2339.57,2337.75,2338.09,1.8925
2026-02-03 05:57:00,2337.79,2339.07,2337.79,2339.05,0.8936
2026-02-03 05:58:00,2339.02,2339.15,2337.75,2338.65,6.15
2026-02-03 05:59:00,2338.06,2339.07,2338.06,2339.07,1.8515
2026-02-03 06:00:00,2339.07,2343.99,2339.07,2343.99,17.5126
2026-02-03 06:01:00,2343.49,2344.52,2342.57,2344.52,4.86
2026-02-03 06:02:00,2344.53,2344.53,2342.6,2343.35,18.7427
2026-02-03 06:03:00,2343.46,2345.78,2343.46,2345.77,2.3096
2026-02-03 06:04:00,2345.97,2346.75,2343.92,2344.98,2.1247
2026-02-03 06:05:00,2344.96,2346.23,2343.03,2346.23,7.5303
2026-02-03 06:06:00,2346.38,2348.15,2346.26,2347.72,20.9525
2026-02-03 06:07:00,2347.7,2349.51,2346.55,2346.89,22.3925
2026-02-03 06:08:00,2346.72,2346.72,2345.61,2345.67,11.8833
2026-02-03 06:09:00,2345.67,2345.67,2344.16,2344.96,3.9184
2026-02-03 06:10:00,2344.96,2344.96,2344.02,2344.02,4.6866
2026-02-03 06:11:00,2344.01,2345.15,2342.15,2342.86,24.2458
2026-02-03 06:12:00,2343.0,2344.51,2342.42,2342.42,8.0309
2026-02-03 06:13:00,2342.9,2342.9,2339.39,2341.74,9.1158
2026-02-03 06:14:00,2342.01,2342.41,2340.41,2340.41,2.8549
2026-02-03 06:15:00,2340.59,2342.0,2339.16,2339.34,135.6173
2026-02-03 06:16:00,2339.16,2339.16,2336.2,2336.22,18.6475
2026-02-03 06:17:00,2336.03,2336.36,2334.62,2335.08,15.2345
2026-02-03 06:18:00,2335.13,2335.18,2334.52,2335.03,16.5432
2026-02-03 06:19:00,2335.04,2336.67,2333.24,2336.67,13.5522
2026-02-03 06:20:00,2336.72,2340.53,2336.72,2339.9,11.4305
2026-02-03 06:21:00,2339.95,2340.82,2338.55,2340.56,4.3301
2026-02-03 06:22:00,2340.16,2340.74,2337.37,2337.77,10.1627
2026-02-03 06:23:00,2337.38,2339.55,2337.38,2339.55,1.1888
2026-02-03 06:24:00,2339.7,2339.76,2337.19,2337.35,28.0995
2026-02-03 06:25:00,2337.57,2337.87,2336.13,2337.74,67.8383
2026-02-03 06:26:00,2337.55,2339.73,2337.55,2339.2,10.0738
2026-02-03 06:27:00,2339.15,2339.15,2337.38,2338.5,17.0136
2026-02-03 06:28:00,2338.61,2339.07,2338.51,2339.07,1.838
2026-02-03 06:29:00,2338.99,2339.6,2338.99,2339.57,2.1029
2026-02-03 06:30:00,2339.57,2340.7,2339.57,2340.7,1.8531
2026-02-03 06:31:00,2340.83,2344.53,2340.83,2344.5,21.5144
2026-02-03 06:32:00,2344.54,2345.17,2344.0,2345.17,3.5115
2026-02-03 06:33:00,2345.18,2345.78,2344.96,2345.2,26.0846
2026-02-03 06:34:00,2345.46,2346.4,2345.18,2346.4,1.2438
2026-02-03 06:35:00,2346.44,2346.58,2344.37,2346.58,28.6068
2026-02-03 06:36:00,2346.57,2346.57,2345.73,2346.0,3.9228
2026-02-03 06:37:00,2346.0,2348.18,2346.0,2347.94,48.5072
2026-02-03 06:38:00,2348.09,2348.4,2347.03,2348.4,56.5397
2026-02-03 06:39:00,2348.4,2348.4,2347.19,2347.72,2.7847
2026-02-03 06:40:00,2347.8,2348.57,2346.58,2348.57,8.5268
2026-02-03 06:41:00,2348.67,2351.77,2348.24,2349.63,18.9205
2026-02-03 06:42:00,2349.63,2349.63,2346.36,2346.36,3.9242
2026-02-03 06:43:00,2346.39,2348.83,2346.36,2348.83,4.8809
2026-02-03 06:44:00,2348.83,2348.83,2348.03,2348.53,3.9524
2026-02-03 06:45:00,2348.53,2349.2,2347.83,2347.83,23.3171
2026-02-03 06:46:00,2347.82,2348.7,2347.81,2348.7,8.7662
2026-02-03 06:47:00,2348.7,2351.65,2348.6,2349.11,33.5891
2026-02-03 06:48:00,2348.82,2348.82,2347.74,2347.74,26.5922
2026-02-03 06:49:00,2347.66,2348.01,2345.31,2346.58,3.6021
2026-02-03 06:50:00,2346.86,2346.86,2345.13,2345.58,1.0804
2026-02-03 06:51:00,2346.29,2348.54,2346.29,2348.54,9.1254
2026-02-03 06:52:00,2348.59,2349.2,2348.09,2348.41,9.1493
2026-02-03 06:53:00,2348.67,2348.67,2346.79,2347.12,2.5788
2026-02-03 06:54:00,2347.21,2349.65,2347.21,2349.65,1.1587
2026-02-03 06:55:00,2349.64,2349.64,2348.63,2348.63,1.5902
2026-02-03 06:56:00,2348.62,2348.62,2348.25,2348.25,1.6223
2026-02-03 06:57:00,2348.24,2348.25,2342.07,2343.83,103.1823
2026-02-03 06:58:00,2343.38,2348.19,2343.38,2348.19,3.6743
2026-02-03 06:59:00,2348.23,2348.23,2346.65,2348.01,29.7164
2026-02-03 07:00:00,2348.02,2349.05,2345.73,2346.08,66.1713
2026-02-03 07:01:00,2346.25,2346.25,2343.65,2345.69,29.7924
2026-02-03 07:02:00,2345.59,2348.89,2344.17,2346.96,36.7141
2026-02-03 07:03:00,2346.97,2347.03,2344.57,2346.73,9.0158
2026-02-03 07:04:00,2346.72,2348.31,2345.78,2347.23,7.2457
2026-02-03 07:05:00,2347.23,2348.78,2346.98,2346.98,39.3956
2026-02-03 07:06:00,2347.23,2347.78,2345.24,2346.23,4.0001
2026-02-03 07:07:00,2345.99,2345.99,2344.55,2345.15,14.5322
2026-02-03 07:08:00,2345.31,2349.73,2345.31,2348.27,30.3389
2026-02-03 07:09:00,2348.2,2348.2,2345.26,2345.26,12.8273
2026-02-03 07:10:00,2345.57,2347.83,2345.57,2347.83,4.6739
2026-02-03 07:11:00,2347.84,2352.28,2347.84,2351.08,23.3673
2026-02-03 07:12:00,2350.97,2352.57,2349.8,2352.23,11.3069
2026-02-03 07:13:00,2352.04,2352.04,2347.77,2349.19,18.2029
2026-02-03 07:14:00,2349.31,2349.57,2348.53,2348.65,7.3233
2026-02-03 07:15:00,2348.51,2350.04,2347.39,2349.55,30.5419
2026-02-03 07:16:00,2349.91,2351.38,2348.03,2348.08,62.4772
2026-02-03 07:17:00,2348.0,2348.45,2343.81,2345.81,64.1834
2026-02-03 07:18:00,2345.81,2346.68,2345.81,2346.61,12.0523
2026-02-03 07:19:00,2347.11,2347.12,2345.66,2345.66,2.9622
2026-02-03 07:20:00,2345.62,2345.66,2344.38,2344.82,13.9967
2026-02-03 07:21:00,2345.05,2345.05,2339.82,2341.52,17.0373
2026-02-03 07:22:00,2341.52,2341.7,2339.72,2340.77,58.3634
2026-02-03 07:23:00,2340.3,2341.67,2340.3,2341.51,3.0556
2026-02-03 07:24:00,2341.52,2342.21,2341.42,2342.15,5.1316
2026-02-03 07:25:00,2342.15,2342.27,2339.35,2339.35,20.5114
2026-02-03 07:26:00,2339.35,2340.21,2337.5,2340.15,11.5174
2026-02-03 07:27:00,2340.02,2340.02,2337.36,2337.36,11.6979
2026-02-03 07:28:00,2337.23,2337.88,2336.88,2337.74,10.2795
2026-02-03 07:29:00,2338.01,2338.96,2338.01,2338.78,32.6527
2026-02-03 07:30:00,2338.53,2340.38,2337.74,2340.17,7.7065
2026-02-03 07:31:00,2340.55,2341.86,2340.55,2340.86,4.7271
2026-02-03 07:32:00,2340.76,2343.0,2340.63,2343.0,3.5181
2026-02-03 07:33:00,2342.93,2342.93,2340.51,2340.51,17.5601
2026-02-03 07:34:00,2340.51,2344.16,2340.51,2344.16,5.8972
2026-02-03 07:35:00,2344.17,2346.67,2344.17,2346.65,4.9974
2026-02-03 07:36:00,2346.65,2349.01,2345.46,2347.91,9.8473
2026-02-03 07:37:00,2348.46,2350.0,2347.79,2349.27,55.2602
2026-02-03 07:38:00,2349.34,2351.22,2349.34,2350.54,7.9076
2026-02-03 07:39:00,2351.0,2351.0,2348.64,2349.44,25.9276
2026-02-03 07:40:00,2349.12,2349.27,2348.43,2349.0,19.8059
2026-02-03 07:41:00,2348.97,2349.64,2348.25,2349.12,5.689
2026-02-03 07:42:00,2349.11,2349.11,2346.78,2347.83,30.4965
2026-02-03 07:43:00,2347.78,2348.18,2347.44,2348.06,1.205
2026-02-03 07:44:00,2347.69,2347.85,2345.56,2345.97,17.1953
2026-02-03 07:45:00,2345.8,2346.49,2345.8,2346.48,8.2334
2026-02-03 07:46:00,2346.47,2346.57,2346.46,2346.47,3.9186
2026-02-03 07:47:00,2346.58,2347.55,2346.58,2347.27,28.5379
2026-02-03 07:48:00,2347.27,2347.27,2343.1,2343.85,4.2151
2026-02-03 07:49:00,2343.84,2343.97,2343.54,2343.78,2.0426
2026-02-03 07:50:00,2343.61,2343.7,2340.28,2343.44,11.3832
2026-02-03 07:51:00,2343.3,2343.3,2342.02,2342.12,8.9315
2026-02-03 07:52:00,2342.13,2344.55,2342.03,2344.18,8.6993
2026-02-03 07:53:00,2343.9,2347.17,2343.49,2346.32,5.5937
2026-02-03 07:54:00,2346.31,2346.31,2344.0,2345.33,3.0725
2026-02-03 07:55:00,2345.09,2345.09,2343.73,2343.73,0.9098
2026-02-03 07:56:00,2343.78,2343.78,2341.21,2343.42,10.276
2026-02-03 07:57:00,2343.42,2343.69,2342.46,2343.4,2.3224
2026-02-03 07:58:00,2343.15,2343.4,2343.15,2343.3,1.1534
2026-02-03 07:59:00,2342.93,2344.3,2342.23,2344.11,2.8414
2026-02-03 08:00:00,2344.11,2345.55,2342.93,2343.06,3.1394
2026-02-03 08:01:00,2342.57,2342.58,2338.11,2339.06,29.7124
2026-02-03 08:02:00,2339.07,2339.34,2334.94,2336.27,46.3886
2026-02-03 08:03:00,2336.26,2337.13,2335.75,2336.87,33.7514
2026-02-03 08:04:00,2336.86,2336.86,2331.66,2331.73,81.3773
2026-02-03 08:05:00,2332.17,2333.16,2330.67,2332.37,45.7551
2026-02-03 08:06:00,2332.33,2334.62,2331.38,2333.09,21.3065
2026-02-03 08:07:00,2333.08,2333.08,2328.9,2329.04,25.7232
2026-02-03 08:08:00,2329.4,2329.9,2327.29,2328.32,33.0642
2026-02-03 08:09:00,2328.16,2328.16,2326.68,2327.8,16.6156
2026-02-03 08:10:00,2327.96,2328.89,2324.03,2325.07,20.7001
2026-02-03 08:11:00,2324.9,2326.67,2324.9,2326.3,11.7863
2026-02-03 08:12:00,2326.26,2326.26,2323.0,2323.01,114.3544
2026-02-03 08:13:00,2323.01,2325.63,2323.01,2325.63,17.1299
2026-02-03 08:14:00,2325.67,2331.85,2325.67,2331.47,8.9728
2026-02-03 08:15:00,2331.1,2331.26,2329.71,2330.86,3.8908
2026-02-03 08:16:00,2330.86,2334.3,2330.86,2332.0,130.5902
2026-02-03 08:17:00,2331.86,2333.48,2331.31,2332.68,25.874
2026-02-03 08:18:00,2332.79,2334.72,2332.49,2334.72,3.0747
2026-02-03 08:19:00,2334.97,2336.65,2334.74,2336.09,4.3243
2026-02-03 08:20:00,2335.99,2336.17,2334.68,2336.13,23.2417
2026-02-03 08:21:00,2336.28,2342.15,2335.99,2341.48,19.1145
2026-02-03 08:22:00,2341.0,2341.0,2339.14,2340.22,5.5505
2026-02-03 08:23:00,2340.44,2340.44,2335.38,2337.21,9.3294
2026-02-03 08:24:00,2337.4,2337.4,2334.34,2334.46,8.275
2026-02-03 08:25:00,2334.89,2334.89,2332.92,2332.92,7.0542
2026-02-03 08:26:00,2333.32,2338.45,2333.32,2338.16,11.7697
2026-02-03 08:27:00,2338.15,2339.55,2337.73,2339.55,9.447
2026-02-03 08:28:00,2339.76,2342.86,2339.76,2342.86,7.3037
2026-02-03 08:29:00,2342.91,2343.7,2341.97,2343.5,13.9656
2026-02-03 08:30:00,2343.54,2344.0,2341.43,2343.9,9.9661
2026-02-03 08:31:00,2343.84,2344.79,2342.45,2342.45,6.6549
2026-02-03 08:32:00,2342.28,2342.92,2341.77,2342.07,3.7174
2026-02-03 08:33:00,2341.91,2341.91,2337.06,2339.54,11.7042
2026-02-03 08:34:00,2339.34,2340.94,2337.14,2339.72,16.5047
2026-02-03 08:35:00,2339.72,2339.72,2335.25,2336.01,9.4078
2026-02-03 08:36:00,2336.13,2339.67,2336.13,2339.54,4.2347
2026-02-03 08:37:00,2339.68,2342.2,2339.68,2342.2,7.4375
2026-02-03 08:38:00,2341.89,2341.89,2338.9,2339.11,23.1527
2026-02-03 08:39:00,2339.32,2341.42,2339.32,2340.79,7.677
2026-02-03 08:40:00,2340.95,2342.55,2340.95,2341.27,5.1889
2026-02-03 08:41:00,2341.78,2341.78,2340.04,2340.61,31.9749
2026-02-03 08:42:00,2340.62,2342.72,2340.62,2341.44,4.5509
2026-02-03 08:43:00,2341.49,2344.21,2341.49,2344.21,3.402
2026-02-03 08:44:00,2344.28,2345.23,2343.19,2344.46,15.9538
2026-02-03 08:45:00,2344.45,2347.54,2343.22,2346.5,11.9562
2026-02-03 08:46:00,2346.6,2347.98,2344.45,2347.74,41.8539
2026-02-03 08:47:00,2347.73,2347.73,2345.55,2345.55,7.0673
2026-02-03 08:48:00,2345.34,2345.96,2344.06,2344.78,23.1824
2026-02-03 08:49:00,2344.49,2344.5,2343.16,2343.33,4.6334
2026-02-03 08:50:00,2343.16,2343.16,2341.65,2342.45,8.7547
2026-02-03 08:51:00,2341.99,2341.99,2340.46,2341.47,20.4936
2026-02-03 08:52:00,2341.34,2343.54,2339.55,2343.54,4.5863
2026-02-03 08:53:00,2343.53,2343.53,2341.46,2343.06,8.4775
2026-02-03 08:54:00,2343.06,2345.22,2343.06,2344.04,17.4561
2026-02-03 08:55:00,2344.42,2346.3,2343.9,2345.44,12.4335
2026-02-03 08:56:00,2345.77,2347.39,2345.08,2346.56,12.311
2026-02-03 08:57:00,2346.09,2348.0,2346.09,2347.99,103.9388
2026-02-03 08:58:00,2348.0,2351.51,2348.0,2351.21,23.2577
2026-02-03 08:59:00,2351.54,2353.01,2350.79,2351.38,40.0824
2026-02-03 09:00:00,2351.37,2351.5,2349.28,2351.5,8.0603
2026-02-03 09:01:00,2351.51,2353.18,2349.21,2352.59,12.0715
2026-02-03 09:02:00,2352.21,2357.25,2351.61,2355.78,67.4684
2026-02-03 09:03:00,2355.32,2355.36,2348.24,2349.31,30.5141
2026-02-03 09:04:00,2349.15,2349.15,2347.28,2348.68,22.9067
2026-02-03 09:05:00,2348.18,2350.18,2347.0,2348.72,64.5242
2026-02-03 09:06:00,2348.72,2350.35,2346.24,2347.61,11.7836
2026-02-03 09:07:00,2347.6,2347.82,2345.0,2345.0,17.5042
2026-02-03 09:08:00,2345.0,2345.0,2341.02,2341.97,15.8011
2026-02-03 09:09:00,2341.49,2343.53,2341.49,2343.05,4.4977
2026-02-03 09:10:00,2342.79,2347.93,2342.79,2345.79,31.5786
2026-02-03 09:11:00,2345.82,2346.29,2344.37,2344.37,13.3843
2026-02-03 09:12:00,2344.22,2344.98,2343.47,2343.48,44.019
2026-02-03 09:13:00,2343.74,2345.83,2343.74,2344.97,4.6636
2026-02-03 09:14:00,2344.77,2345.51,2344.53,2345.34,10.2839
2026-02-03 09:15:00,2345.34,2348.26,2345.34,2346.59,13.8547
2026-02-03 09:16:00,2346.93,2347.15,2342.71,2343.03,7.3132
2026-02-03 09:17:00,2343.02,2343.36,2341.61,2341.61,21.4522
2026-02-03 09:18:00,2341.6,2341.6,2337.81,2340.21,13.4202
2026-02-03 09:19:00,2340.35,2340.94,2336.23,2336.23,12.2785
2026-02-03 09:20:00,2336.48,2337.22,2335.21,2336.57,15.3734
2026-02-03 09:21:00,2337.05,2339.42,2336.67,2336.85,5.0675
2026-02-03 09:22:00,2336.85,2346.67,2336.85,2346.67,23.5826
2026-02-03 09:23:00,2346.73,2347.94,2343.54,2344.38,5.3488
2026-02-03 09:24:00,2344.76,2346.54,2342.92,2343.28,8.9815
2026-02-03 09:25:00,2342.83,2344.86,2342.21,2343.91,43.2889
2026-02-03 09:26:00,2344.05,2348.18,2343.22,2347.02,21.932
2026-02-03 09:27:00,2347.28,2349.21,2347.28,2348.24,5.672
2026-02-03 09:28:00,2348.24,2348.94,2347.82,2348.44,3.4059
2026-02-03 09:29:00,2348.7,2349.24,2348.05,2349.0,3.5933
2026-02-03 09:30:00,2348.99,2348.99,2345.07,2345.16,5.8408
2026-02-03 09:31:00,2345.71,2347.48,2345.34,2346.31,5.3041
2026-02-03 09:32:00,2346.58,2347.38,2344.76,2346.73,13.0652
2026-02-03 09:33:00,2346.78,2346.78,2342.21,2342.42,21.3281
2026-02-03 09:34:00,2342.42,2345.74,2342.36,2344.85,15.1233
2026-02-03 09:35:00,2344.38,2344.38,2341.76,2341.84,20.8623
2026-02-03 09:36:00,2341.85,2342.92,2341.4,2342.35,24.7139
2026-02-03 09:37:00,2342.51,2344.15,2342.22,2343.62,35.5924
2026-02-03 09:38:00,2343.9,2346.53,2343.9,2345.34,7.9975
2026-02-03 09:39:00,2345.09,2345.09,2343.29,2343.29,28.6323
2026-02-03 09:40:00,2343.44,2345.33,2343.44,2344.39,2.5725
2026-02-03 09:41:00,2344.63,2346.97,2343.44,2344.97,6.325
2026-02-03 09:42:00,2345.02,2346.21,2345.02,2346.03,1.7498
2026-02-03 09:43:00,2345.99,2346.11,2345.34,2345.81,1.4799
2026-02-03 09:44:00,2346.17,2349.37,2346.17,2349.26,7.3916
2026-02-03 09:45:00,2349.5,2349.96,2348.03,2349.63,78.3166
2026-02-03 09:46:00,2349.53,2350.12,2347.97,2348.91,28.8117
2026-02-03 09:47:00,2348.91,2348.91,2347.39,2348.37,5.2833
2026-02-03 09:48:00,2348.72,2349.6,2346.47,2346.67,81.5105
2026-02-03 09:49:00,2346.47,2346.98,2345.21,2346.97,5.7588
2026-02-03 09:50:00,2347.25,2347.75,2345.84,2345.84,7.0791
2026-02-03 09:51:00,2345.84,2350.83,2345.83,2350.5,14.1356
2026-02-03 09:52:00,2350.64,2351.99,2349.08,2350.33,12.1903
2026-02-03 09:53:00,2350.5,2352.42,2350.38,2352.42,24.7338
2026-02-03 09:54:00,2352.18,2352.82,2350.66,2351.62,11.0189
2026-02-03 09:55:00,2351.61,2351.61,2350.0,2350.53,17.114
2026-02-03 09:56:00,2350.41,2350.98,2350.29,2350.86,0.936
2026-02-03 09:57:00,2350.99,2351.4,2349.37,2350.08,2.4738
2026-02-03 09:58:00,2349.89,2351.17,2349.71,2351.17,28.1367
2026-02-03 09:59:00,2351.02,2351.3,2350.62,2351.3,14.0841
2026-02-03 10:00:00,2351.41,2351.65,2349.41,2349.41,24.3949
2026-02-03 10:01:00,2349.33,2349.33,2346.24,2346.83,51.7368
2026-02-03 10:02:00,2347.26,2347.95,2346.67,2346.79,139.1727
2026-02-03 10:03:00,2346.58,2346.58,2343.63,2343.63,72.5139
2026-02-03 10:04:00,2343.63,2344.37,2342.75,2342.75,13.4651
2026-02-03 10:05:00,2342.74,2343.27,2339.55,2342.46,25.2641
2026-02-03 10:06:00,2342.45,2342.69,2341.78,2342.68,16.2371
2026-02-03 10:07:00,2342.47,2342.47,2339.2,2339.41,22.9954
2026-02-03 10:08:00,2339.4,2339.4,2337.74,2337.74,62.4018
2026-02-03 10:09:00,2337.69,2337.7,2336.68,2337.26,47.9671
2026-02-03 10:10:00,2337.03,2337.03,2331.95,2332.22,39.4922
2026-02-03 10:11:00,2331.91,2331.91,2325.98,2328.64,55.6958
2026-02-03 10:12:00,2328.73,2329.09,2325.07,2329.0,30.5435
2026-02-03 10:13:00,2329.13,2331.6,2328.47,2328.75,29.7199
2026-02-03 10:14:00,2328.46,2328.46,2325.47,2325.94,24.1808
2026-02-03 10:15:00,2325.94,2329.87,2325.0,2329.87,36.991
2026-02-03 10:16:00,2329.9,2332.86,2329.86,2329.86,16.6053
2026-02-03 10:17:00,2330.16,2333.13,2330.16,2332.35,21.6866
2026-02-03 10:18:00,2332.78,2332.78,2329.71,2331.38,3.4467
2026-02-03 10:19:00,2331.54,2333.27,2331.54,2331.92,11.7489
2026-02-03 10:20:00,2331.63,2333.14,2331.16,2332.31,46.8488
2026-02-03 10:21:00,2332.12,2334.52,2331.55,2334.52,13.5856
2026-02-03 10:22:00,2334.26,2336.81,2332.74,2336.49,58.3408
2026-02-03 10:23:00,2336.49,2338.26,2335.07,2337.14,36.5092
2026-02-03 10:24:00,2336.93,2336.94,2336.0,2336.66,13.058
2026-02-03 10:25:00,2336.65,2336.65,2332.84,2333.28,5.5089
2026-02-03 10:26:00,2333.28,2333.28,2328.07,2328.14,107.9534
2026-02-03 10:27:00,2328.01,2328.29,2326.04,2326.55,6.9776
2026-02-03 10:28:00,2326.67,2328.28,2326.33,2326.33,30.7538
2026-02-03 10:29:00,2326.3,2327.0,2326.3,2327.0,2.2401
2026-02-03 10:30:00,2327.29,2327.81,2324.1,2324.2,25.3545
2026-02-03 10:31:00,2324.31,2324.99,2314.51,2316.03,115.7471
2026-02-03 10:32:00,2315.69,2322.46,2313.86,2322.21,32.629
2026-02-03 10:33:00,2322.07,2323.2,2321.13,2323.2,19.1951
2026-02-03 10:34:00,2323.21,2324.85,2321.11,2321.11,12.4852
2026-02-03 10:35:00,2321.12,2323.83,2321.12,2323.46,36.7197
2026-02-03 10:36:00,2323.06,2323.06,2317.49,2318.82,11.649
2026-02-03 10:37:00,2318.75,2319.5,2317.76,2319.22,83.1533
2026-02-03 10:38:00,2319.22,2319.22,2316.16,2317.06,38.6018
2026-02-03 10:39:00,2317.1,2318.87,2316.52,2317.09,25.8888
2026-02-03 10:40:00,2317.09,2317.09,2313.46,2313.78,18.6646
2026-02-03 10:41:00,2314.0,2315.67,2313.24,2313.36,51.3021
2026-02-03 10:42:00,2313.36,2316.5,2312.02,2316.5,52.7662
2026-02-03 10:43:00,2316.52,2317.92,2314.81,2314.81,74.7876
2026-02-03 10:44:00,2314.8,2316.02,2312.71,2313.49,112.0848
2026-02-03 10:45:00,2313.49,2314.0,2311.44,2313.04,61.315
2026-02-03 10:46:00,2313.04,2314.17,2311.1,2314.17,22.2273
2026-02-03 10:47:00,2314.18,2315.83,2312.12,2312.56,114.7434
2026-02-03 10:48:00,2312.4,2315.04,2306.18,2306.18,116.3252
2026-02-03 10:49:00,2306.18,2306.19,2300.72,2303.21,144.0028
2026-02-03 10:50:00,2303.22,2305.81,2301.66,2303.38,41.7245
2026-02-03 10:51:00,2303.49,2305.4,2302.0,2303.53,59.1504
2026-02-03 10:52:00,2303.54,2306.47,2302.39,2305.49,49.8246
2026-02-03 10:53:00,2305.24,2306.26,2303.53,2303.53,104.7874
2026-02-03 10:54:00,2303.59,2305.0,2302.0,2302.5,23.4832
2026-02-03 10:55:00,2302.63,2306.79,2302.63,2306.1,28.0072
2026-02-03 10:56:00,2306.09,2306.57,2304.28,2304.76,4.1649
2026-02-03 10:57:00,2304.51,2306.26,2303.1,2303.45,22.6889
2026-02-03 10:58:00,2303.45,2303.97,2295.25,2296.34,119.6313
2026-02-03 10:59:00,2295.7,2297.85,2294.05,2296.44,40.6365
2026-02-03 11:00:00,2295.94,2297.85,2294.35,2294.66,32.1793
2026-02-03 11:01:00,2294.33,2298.48,2294.33,2297.98,20.3086
2026-02-03 11:02:00,2297.79,2297.79,2288.44,2289.24,154.363
2026-02-03 11:03:00,2289.14,2290.75,2281.25,2285.08,185.5174
2026-02-03 11:04:00,2284.35,2285.76,2283.43,2284.81,85.3759
2026-02-03 11:05:00,2284.92,2290.3,2284.92,2289.71,27.0944
2026-02-03 11:06:00,2288.69,2297.4,2287.9,2296.84,132.827
2026-02-03 11:07:00,2297.24,2302.56,2297.12,2300.67,81.3084
2026-02-03 11:08:00,2300.79,2304.54,2298.31,2298.52,68.9684
2026-02-03 11:09:00,2298.85,2299.74,2298.04,2298.59,63.0715
2026-02-03 11:10:00,2298.65,2301.0,2298.58,2300.32,21.5745
2026-02-03 11:11:00,2300.33,2302.06,2300.33,2301.6,28.8956
2026-02-03 11:12:00,2301.82,2303.64,2301.78,2303.64,3.8177
2026-02-03 11:13:00,2303.67,2304.02,2302.1,2302.1,26.9651
2026-02-03 11:14:00,2302.02,2302.65,2300.75,2301.57,26.2822
2026-02-03 11:15:00,2301.63,2304.79,2301.56,2301.65,19.0981
2026-02-03 11:16:00,2301.51,2302.36,2295.65,2295.96,15.905
2026-02-03 11:17:00,2295.95,2298.33,2294.33,2298.33,14.1259
2026-02-03 11:18:00,2298.08,2298.7,2296.27,2296.76,23.6417
2026-02-03 11:19:00,2297.07,2297.07,2293.58,2293.58,11.3043
2026-02-03 11:20:00,2293.95,2293.95,2292.19,2293.52,13.9718
2026-02-03 11:21:00,2293.66,2296.36,2292.86,2293.53,52.0365
2026-02-03 11:22:00,2293.45,2293.45,2289.79,2291.11,29.4032
2026-02-03 11:23:00,2291.56,2292.91,2291.08,2292.91,22.632
2026-02-03 11:24:00,2293.0,2306.91,2293.0,2306.13,271.9146
2026-02-03 11:25:00,2306.33,2307.82,2304.53,2306.3,69.5167
2026-02-03 11:26:00,2306.37,2307.29,2304.52,2307.19,39.9618
2026-02-03 11:27:00,2307.24,2308.79,2305.58,2308.22,23.9534
2026-02-03 11:28:00,2308.02,2313.25,2308.02,2312.72,58.0102
2026-02-03 11:29:00,2312.62,2313.56,2311.83,2311.94,7.3869
2026-02-03 11:30:00,2311.83,2312.68,2309.75,2310.6,41.7177
2026-02-03 11:31:00,2310.97,2321.11,2309.68,2319.12,120.7324
2026-02-03 11:32:00,2318.85,2320.28,2314.78,2315.52,68.1645
2026-02-03 11:33:00,2315.73,2318.34,2315.73,2317.53,28.4157
2026-02-03 11:34:00,2317.8,2319.33,2316.98,2316.99,21.9592
2026-02-03 11:35:00,2316.83,2324.12,2315.96,2323.27,35.5015
2026-02-03 11:36:00,2323.27,2324.86,2320.06,2322.08,56.2298
2026-02-03 11:37:00,2322.11,2322.96,2320.0,2320.05,30.2522
2026-02-03 11:38:00,2320.0,2321.65,2318.66,2321.0,19.6003
2026-02-03 11:39:00,2320.67,2322.75,2320.67,2321.66,34.8271
2026-02-03 11:40:00,2321.67,2324.09,2321.17,2322.96,34.1355
2026-02-03 11:41:00,2323.11,2330.87,2323.11,2327.55,26.7537
2026-02-03 11:42:00,2327.6,2328.88,2326.25,2326.4,37.0512
2026-02-03 11:43:00,2327.1,2327.71,2326.39,2326.65,12.8365
2026-02-03 11:44:00,2327.44,2327.77,2324.85,2324.99,14.5886
2026-02-03 11:45:00,2325.59,2325.68,2324.51,2324.85,22.3655
2026-02-03 11:46:00,2324.85,2327.55,2324.85,2327.22,10.3373
2026-02-03 11:47:00,2327.06,2327.06,2323.29,2323.92,27.0091
2026-02-03 11:48:00,2324.01,2325.12,2323.88,2324.6,1.2935
2026-02-03 11:49:00,2324.32,2324.32,2321.92,2322.45,10.5218
2026-02-03 11:50:00,2322.25,2323.77,2321.04,2323.45,5.8845
2026-02-03 11:51:00,2323.46,2324.71,2322.87,2323.94,21.3536
2026-02-03 11:52:00,2323.82,2324.0,2321.99,2321.99,12.3357
2026-02-03 11:53:00,2321.99,2322.17,2320.61,2321.81,19.4429
2026-02-03 11:54:00,2321.55,2322.52,2320.33,2321.77,8.067
2026-02-03 11:55:00,2321.79,2325.08,2320.86,2324.07,48.3912
2026-02-03 11:56:00,2324.0,2339.7,2323.38,2338.68,156.1258
2026-02-03 11:57:00,2339.01,2342.14,2336.94,2340.2,214.436
2026-02-03 11:58:00,2340.63,2342.15,2337.8,2340.2,73.751
2026-02-03 11:59:00,2340.2,2341.3,2337.87,2340.69,67.9906
2026-02-03 12:00:00,2341.29,2341.71,2339.98,2341.61,57.5292
2026-02-03 12:01:00,2341.62,2342.97,2340.23,2341.24,55.1299
2026-02-03 12:02:00,2341.05,2344.79,2339.22,2344.79,43.9376
2026-02-03 12:03:00,2344.85,2345.39,2338.54,2338.54,70.877
2026-02-03 12:04:00,2338.55,2339.04,2336.44,2337.2,21.3113
2026-02-03 12:05:00,2337.49,2337.8,2334.53,2335.4,51.5562
2026-02-03 12:06:00,2335.54,2336.59,2334.09,2334.78,21.7422
2026-02-03 12:07:00,2335.08,2335.4,2334.41,2335.34,60.0662
2026-02-03 12:08:00,2335.4,2336.72,2335.4,2336.04,13.9434
2026-02-03 12:09:00,2336.31,2338.23,2336.31,2338.04,18.9355
2026-02-03 12:10:00,2338.23,2341.24,2338.23,2341.21,13.0452
2026-02-03 12:11:00,2341.27,2346.42,2340.37,2345.61,30.2382
2026-02-03 12:12:00,2345.89,2348.19,2343.69,2344.35,62.0696
2026-02-03 12:13:00,2344.34,2344.34,2342.56,2343.54,32.5204
2026-02-03 12:14:00,2343.19,2344.52,2342.83,2344.51,17.5459
2026-02-03 12:15:00,2344.44,2345.27,2343.01,2343.01,74.5382
2026-02-03 12:16:00,2342.92,2343.11,2339.03,2340.61,36.6292
2026-02-03 12:17:00,2340.47,2341.38,2338.67,2341.38,113.0392
2026-02-03 12:18:00,2341.33,2341.67,2340.21,2341.67,27.5849
2026-02-03 12:19:00,2341.68,2342.26,2336.87,2338.19,26.1389
2026-02-03 12:20:00,2337.95,2338.45,2337.46,2338.4,13.1083
2026-02-03 12:21:00,2338.53,2339.32,2338.33,2339.04,19.1662
2026-02-03 12:22:00,2339.1,2339.73,2337.97,2338.55,20.5946
2026-02-03 12:23:00,2338.55,2339.04,2337.07,2337.72,9.049
2026-02-03 12:24:00,2337.48,2337.48,2334.62,2334.96,15.5636
2026-02-03 12:25:00,2334.96,2334.96,2332.41,2334.36,15.326
2026-02-03 12:26:00,2334.36,2335.07,2332.74,2334.23,35.733
2026-02-03 12:27:00,2334.35,2334.74,2334.16,2334.58,11.5842
2026-02-03 12:28:00,2334.4,2334.4,2331.16,2331.16,23.8704
2026-02-03 12:29:00,2330.99,2331.24,2330.5,2330.84,13.1495
2026-02-03 12:30:00,2330.84,2333.82,2330.84,2333.73,42.143
2026-02-03 12:31:00,2333.88,2335.09,2332.17,2335.09,101.3434
2026-02-03 12:32:00,2335.09,2336.0,2333.59,2333.59,53.6016
2026-02-03 12:33:00,2333.51,2334.37,2333.51,2333.61,4.3538
2026-02-03 12:34:00,2333.6,2336.25,2332.51,2335.97,32.6129
2026-02-03 12:35:00,2336.11,2337.89,2335.47,2337.89,14.9948
2026-02-03 12:36:00,2337.89,2339.51,2336.61,2338.99,57.8086
2026-02-03 12:37:00,2338.99,2339.12,2336.55,2337.24,5.0378
2026-02-03 12:38:00,2337.36,2339.19,2337.24,2339.19,2.5657
2026-02-03 12:39:00,2339.2,2342.7,2339.2,2342.27,46.4568
2026-02-03 12:40:00,2342.38,2344.65,2342.26,2344.65,20.1823
2026-02-03 12:41:00,2344.66,2349.65,2344.66,2349.64,60.003
2026-02-03 12:42:00,2349.74,2351.41,2349.46,2350.85,47.4248
2026-02-03 12:43:00,2351.4,2351.59,2349.72,2351.51,35.0495
2026-02-03 12:44:00,2351.32,2351.51,2350.22,2351.19,37.9068
2026-02-03 12:45:00,2351.19,2352.19,2349.8,2349.82,175.1041
2026-02-03 12:46:00,2349.75,2349.75,2348.19,2348.19,6.4423
2026-02-03 12:47:00,2348.0,2348.0,2346.68,2347.3,151.2779
2026-02-03 12:48:00,2347.3,2347.47,2345.39,2345.4,22.3215
2026-02-03 12:49:00,2345.68,2347.61,2345.68,2347.61,8.4003
2026-02-03 12:50:00,2347.43,2347.68,2345.89,2346.8,5.0568
2026-02-03 12:51:00,2346.59,2346.59,2345.23,2345.24,3.7166
2026-02-03 12:52:00,2345.23,2345.23,2343.28,2343.99,14.1206
2026-02-03 12:53:00,2343.97,2343.97,2342.0,2343.63,10.2331
2026-02-03 12:54:00,2343.29,2343.98,2342.86,2343.57,8.8232
2026-02-03 12:55:00,2343.57,2344.54,2343.47,2344.52,16.6007
2026-02-03 12:56:00,2344.7,2346.63,2344.7,2346.2,42.7997
2026-02-03 12:57:00,2346.2,2346.2,2343.41,2343.67,15.0451
2026-02-03 12:58:00,2343.63,2343.63,2342.08,2342.34,19.5131
2026-02-03 12:59:00,2342.35,2343.51,2342.35,2342.74,17.7264
2026-02-03 13:00:00,2342.75,2343.2,2340.01,2340.1,23.694
2026-02-03 13:01:00,2340.1,2341.01,2340.01,2340.01,33.5145
2026-02-03 13:02:00,2340.01,2340.01,2337.17,2337.84,43.4569
2026-02-03 13:03:00,2337.56,2337.79,2335.15,2335.15,48.14
2026-02-03 13:04:00,2335.09,2336.46,2335.09,2335.43,70.3927
2026-02-03 13:05:00,2335.4,2339.31,2335.4,2339.01,48.0743
2026-02-03 13:06:00,2338.93,2338.93,2337.23,2338.08,10.4385
2026-02-03 13:07:00,2337.99,2339.17,2337.99,2338.47,20.1987
2026-02-03 13:08:00,2338.24,2338.94,2337.56,2338.67,12.5018
2026-02-03 13:09:00,2338.67,2338.67,2337.58,2337.58,23.4524
2026-02-03 13:10:00,2337.75,2338.35,2336.36,2336.36,17.0353
2026-02-03 13:11:00,2336.19,2336.19,2332.1,2332.1,6.6201
2026-02-03 13:12:00,2332.0,2332.0,2324.94,2326.49,147.4745
2026-02-03 13:13:00,2326.78,2327.24,2324.29,2324.29,38.8257
2026-02-03 13:14:00,2324.29,2325.3,2323.42,2323.72,33.0999
2026-02-03 13:15:00,2323.88,2324.49,2321.82,2322.32,49.8925
2026-02-03 13:16:00,2321.85,2325.54,2321.85,2325.54,37.1039
2026-02-03 13:17:00,2325.53,2326.98,2320.61,2321.01,27.4771
2026-02-03 13:18:00,2320.73,2323.85,2320.73,2323.15,45.5946
2026-02-03 13:19:00,2323.07,2323.35,2317.09,2317.9,95.4581
2026-02-03 13:20:00,2317.85,2318.46,2316.18,2317.54,16.9262
2026-02-03 13:21:00,2317.48,2319.65,2317.18,2319.6,3.1789
2026-02-03 13:22:00,2319.36,2322.99,2319.36,2322.99,62.1247
2026-02-03 13:23:00,2322.99,2327.63,2322.99,2327.63,28.4006
2026-02-03 13:24:00,2327.64,2327.99,2324.92,2325.43,13.6891
2026-02-03 13:25:00,2325.32,2326.13,2325.13,2325.53,3.7775
2026-02-03 13:26:00,2325.53,2325.53,2324.55,2325.48,10.7803
2026-02-03 13:27:00,2325.67,2326.77,2325.67,2326.77,15.9692
2026-02-03 13:28:00,2326.98,2326.98,2325.35,2325.79,7.9532
2026-02-03 13:29:00,2326.1,2326.75,2325.44,2326.67,3.2526
2026-02-03 13:30:00,2326.67,2327.48,2325.88,2326.89,25.248
2026-02-03 13:31:00,2326.79,2327.49,2326.32,2327.49,5.7369
2026-02-03 13:32:00,2327.48,2330.22,2325.32,2325.92,19.7896
2026-02-03 13:33:00,2325.92,2327.64,2324.08,2326.98,47.7023
2026-02-03 13:34:00,2326.75,2327.29,2325.18,2325.79,37.9383
2026-02-03 13:35:00,2326.44,2328.2,2323.01,2323.02,3.9411
2026-02-03 13:36:00,2323.53,2325.4,2323.53,2324.75,14.6614
2026-02-03 13:37:00,2324.74,2325.11,2324.07,2325.11,75.9346
2026-02-03 13:38:00,2325.12,2327.07,2324.87,2324.87,66.1345
2026-02-03 13:39:00,2324.85,2324.85,2321.44,2321.5,14.0154
2026-02-03 13:40:00,2321.49,2321.49,2319.96,2320.36,22.8031
2026-02-03 13:41:00,2320.77,2321.47,2319.62,2320.19,118.2274
2026-02-03 13:42:00,2320.19,2322.47,2319.15,2319.4,64.5378
2026-02-03 13:43:00,2319.4,2319.4,2317.34,2318.55,7.547
2026-02-03 13:44:00,2318.88,2320.2,2318.63,2320.18,14.067
2026-02-03 13:45:00,2320.19,2320.19,2319.26,2319.76,42.5682
2026-02-03 13:46:00,2319.76,2322.5,2318.62,2322.4,36.9983
2026-02-03 13:47:00,2322.4,2324.22,2322.4,2323.08,21.7688
2026-02-03 13:48:00,2322.91,2323.97,2322.91,2323.91,18.8536
2026-02-03 13:49:00,2323.9,2324.99,2323.9,2323.99,11.3432
2026-02-03 13:50:00,2323.9,2323.91,2322.06,2322.76,29.0285
2026-02-03 13:51:00,2322.75,2323.69,2321.72,2323.37,4.4202
2026-02-03 13:52:00,2322.75,2322.75,2320.62,2322.21,2.5838
2026-02-03 13:53:00,2322.45,2323.12,2321.72,2322.05,1.9155
2026-02-03 13:54:00,2321.97,2322.71,2319.39,2319.56,6.188
2026-02-03 13:55:00,2319.56,2320.08,2315.3,2316.56,71.7571
2026-02-03 13:56:00,2316.08,2317.02,2315.69,2317.0,5.0377
2026-02-03 13:57:00,2317.0,2317.0,2313.56,2313.91,104.2912
2026-02-03 13:58:00,2313.91,2314.89,2312.02,2314.49,191.3807
2026-02-03 13:59:00,2314.5,2314.73,2313.29,2313.67,19.2516
2026-02-03 14:00:00,2313.68,2316.52,2313.68,2315.71,132.7776
2026-02-03 14:01:00,2315.37,2316.38,2313.87,2314.72,22.2741
2026-02-03 14:02:00,2314.36,2316.62,2313.28,2316.34,22.0266
2026-02-03 14:03:00,2316.61,2319.34,2316.61,2316.62,189.9811
2026-02-03 14:04:00,2316.58,2316.58,2315.21,2315.22,20.9786
2026-02-03 14:05:00,2315.21,2315.21,2311.0,2312.44,16.7531
2026-02-03 14:06:00,2312.2,2314.42,2311.32,2311.5,116.4139
2026-02-03 14:07:00,2311.7,2311.7,2294.37,2298.74,418.3971
2026-02-03 14:08:00,2298.98,2302.53,2298.54,2302.23,124.2604
2026-02-03 14:09:00,2302.29,2302.31,2297.43,2301.99,147.4345
2026-02-03 14:10:00,2302.0,2302.0,2300.32,2301.22,93.0945
2026-02-03 14:11:00,2301.22,2305.0,2301.15,2303.98,129.2399
2026-02-03 14:12:00,2303.97,2305.0,2302.48,2304.77,119.1764
2026-02-03 14:13:00,2304.77,2305.09,2303.62,2303.88,120.6701
2026-02-03 14:14:00,2303.97,2304.53,2302.82,2303.94,244.4959
2026-02-03 14:15:00,2303.96,2306.03,2302.68,2302.71,143.3163
2026-02-03 14:16:00,2302.71,2304.52,2300.6,2303.02,81.0034
2026-02-03 14:17:00,2303.02,2304.51,2302.65,2304.12,126.8328
2026-02-03 14:18:00,2304.11,2306.69,2303.53,2306.69,133.9669
2026-02-03 14:19:00,2306.63,2310.46,2306.63,2309.91,178.3821
2026-02-03 14:20:00,2309.9,2313.43,2309.25,2312.98,144.7648
2026-02-03 14:21:00,2312.85,2314.01,2310.17,2313.92,145.7689
2026-02-03 14:22:00,2313.91,2317.03,2312.82,2313.0,133.4999
2026-02-03 14:23:00,2313.21,2313.57,2311.67,2311.93,16.1629
2026-02-03 14:24:00,2311.98,2314.19,2311.98,2313.88,63.9346
2026-02-03 14:25:00,2313.88,2317.2,2313.88,2316.65,96.9152
2026-02-03 14:26:00,2316.65,2316.66,2314.32,2314.43,78.9926
2026-02-03 14:27:00,2314.43,2314.47,2313.87,2314.23,44.2638
2026-02-03 14:28:00,2314.22,2317.81,2314.22,2317.8,30.1257
2026-02-03 14:29:00,2317.99,2325.62,2317.77,2321.54,49.831
2026-02-03 14:30:00,2321.56,2321.56,2318.57,2318.64,24.3791
2026-02-03 14:31:00,2318.96,2319.87,2318.58,2318.58,4.2368
2026-02-03 14:32:00,2319.29,2319.4,2317.2,2318.28,14.3615
2026-02-03 14:33:00,2318.13,2318.23,2317.59,2317.73,13.5636
2026-02-03 14:34:00,2317.72,2321.0,2317.72,2321.0,13.9318
2026-02-03 14:35:00,2321.0,2323.59,2321.0,2322.78,38.5557
2026-02-03 14:36:00,2322.52,2322.53,2320.63,2321.59,11.1199
2026-02-03 14:37:00,2321.58,2323.2,2321.02,2321.72,28.5506
2026-02-03 14:38:00,2322.13,2322.68,2318.95,2319.26,33.2866
2026-02-03 14:39:00,2319.05,2319.05,2317.08,2317.09,16.3062
2026-02-03 14:40:00,2317.19,2317.86,2315.69,2317.66,29.381
2026-02-03 14:41:00,2317.09,2317.49,2316.5,2317.03,23.0339
2026-02-03 14:42:00,2317.37,2318.7,2317.0,2318.7,8.3146
2026-02-03 14:43:00,2318.69,2318.98,2317.4,2317.93,4.6056
2026-02-03 14:44:00,2317.92,2317.92,2315.04,2315.14,25.257
2026-02-03 14:45:00,2315.15,2316.46,2315.15,2315.64,17.0044
2026-02-03 14:46:00,2315.48,2315.87,2314.79,2314.79,7.2735
2026-02-03 14:47:00,2314.79,2319.91,2314.26,2318.61,22.931
2026-02-03 14:48:00,2318.79,2321.0,2316.8,2319.14,16.867
2026-02-03 14:49:00,2318.84,2320.65,2318.6,2319.75,10.548
2026-02-03 14:50:00,2319.49,2321.52,2318.6,2319.6,12.1378
2026-02-03 14:51:00,2319.4,2320.18,2319.25,2319.68,6.4766
2026-02-03 14:52:00,2320.08,2321.7,2319.69,2321.34,5.7425
2026-02-03 14:53:00,2321.25,2321.25,2319.46,2320.1,29.1021
2026-02-03 14:54:00,2320.07,2320.07,2318.85,2319.0,1.0883
2026-02-03 14:55:00,2319.0,2320.76,2319.0,2320.76,16.1886
2026-02-03 14:56:00,2320.23,2320.23,2316.5,2317.45,14.3137
2026-02-03 14:57:00,2317.64,2319.59,2317.64,2319.41,5.8744
2026-02-03 14:58:00,2319.26,2320.09,2318.99,2320.07,3.3951
2026-02-03 14:59:00,2319.59,2319.59,2317.93,2317.93,14.9704
2026-02-03 15:00:00,2318.0,2318.27,2316.52,2316.52,143.976
2026-02-03 15:01:00,2316.32,2316.32,2310.7,2311.58,27.9047
2026-02-03 15:02:00,2311.75,2314.01,2311.75,2312.15,16.0947
2026-02-03 15:03:00,2312.15,2313.13,2312.15,2312.53,2.3774
2026-02-03 15:04:00,2312.86,2313.13,2311.7,2311.7,3.386
2026-02-03 15:05:00,2311.71,2315.92,2311.71,2314.73,4.4439
2026-02-03 15:06:00,2314.59,2319.14,2314.58,2319.14,39.1597
2026-02-03 15:07:00,2319.25,2320.79,2317.21,2318.05,17.1533
2026-02-03 15:08:00,2317.87,2323.59,2317.87,2323.59,50.2894
2026-02-03 15:09:00,2323.6,2325.63,2323.23,2323.33,37.3675
2026-02-03 15:10:00,2323.64,2323.64,2322.4,2322.83,32.0914
2026-02-03 15:11:00,2322.61,2325.68,2322.0,2325.68,102.4459
2026-02-03 15:12:00,2325.75,2326.78,2323.0,2323.09,52.724
2026-02-03 15:13:00,2323.1,2331.44,2322.06,2323.47,147.9274
2026-02-03 15:14:00,2323.47,2323.76,2320.51,2320.75,135.0512
2026-02-03 15:15:00,2320.75,2323.52,2320.34,2321.0,71.2526
2026-02-03 15:16:00,2320.9,2321.74,2318.94,2321.74,11.2119
2026-02-03 15:17:00,2321.95,2322.1,2316.18,2316.68,34.5094
2026-02-03 15:18:00,2317.34,2318.0,2315.43,2316.12,26.9426
2026-02-03 15:19:00,2316.12,2317.1,2315.0,2316.7,17.9787
2026-02-03 15:20:00,2316.7,2320.19,2316.41,2320.05,19.9294
2026-02-03 15:21:00,2320.2,2321.11,2319.54,2319.69,7.5106
2026-02-03 15:22:00,2319.93,2321.49,2319.81,2319.82,5.1218
2026-02-03 15:23:00,2320.01,2320.46,2318.84,2319.12,25.0448
2026-02-03 15:24:00,2319.51,2319.51,2317.27,2317.55,2.1955
2026-02-03 15:25:00,2318.01,2319.72,2317.63,2319.72,17.2001
2026-02-03 15:26:00,2320.0,2321.73,2319.41,2321.71,36.8676
2026-02-03 15:27:00,2321.9,2322.85,2318.55,2318.89,144.9246
2026-02-03 15:28:00,2318.9,2321.71,2317.22,2321.71,66.9862
2026-02-03 15:29:00,2321.43,2321.43,2317.65,2318.98,18.7833
2026-02-03 15:30:00,2318.99,2319.61,2317.45,2319.06,42.6826
2026-02-03 15:31:00,2319.07,2322.0,2319.07,2322.0,63.292
2026-02-03 15:32:00,2322.0,2326.0,2321.99,2324.33,130.3293
2026-02-03 15:33:00,2324.44,2325.62,2322.47,2323.65,78.2934
2026-02-03 15:34:00,2323.6,2327.79,2323.27,2327.05,20.2836
2026-02-03 15:35:00,2327.29,2330.62,2325.64,2328.93,102.6624
2026-02-03 15:36:00,2329.13,2330.19,2324.57,2326.21,60.4944
2026-02-03 15:37:00,2326.01,2326.62,2322.54,2325.18,115.5168
2026-02-03 15:38:00,2325.15,2325.37,2324.63,2325.07,7.4886
2026-02-03 15:39:00,2324.67,2325.99,2323.37,2325.78,8.8212
2026-02-03 15:40:00,2326.0,2326.24,2323.23,2323.74,52.4797
2026-02-03 15:41:00,2323.75,2324.06,2321.86,2322.69,7.5068
2026-02-03 15:42:00,2322.55,2324.7,2322.28,2323.3,9.8909
2026-02-03 15:43:00,2323.44,2325.18,2323.44,2325.18,15.2238
2026-02-03 15:44:00,2325.37,2326.33,2324.87,2326.0,18.0867
2026-02-03 15:45:00,2325.96,2325.96,2324.84,2325.33,5.8448
2026-02-03 15:46:00,2325.47,2325.49,2323.5,2324.87,40.7844
2026-02-03 15:47:00,2325.13,2326.0,2323.71,2324.38,29.0594
2026-02-03 15:48:00,2324.33,2325.62,2323.45,2323.57,39.8242
2026-02-03 15:49:00,2323.57,2324.79,2323.57,2324.53,15.1907
2026-02-03 15:50:00,2324.46,2326.0,2322.25,2323.73,38.4802
2026-02-03 15:51:00,2323.77,2323.77,2322.38,2323.17,20.9073
2026-02-03 15:52:00,2323.16,2323.21,2321.01,2322.51,43.8807
2026-02-03 15:53:00,2322.56,2322.97,2321.7,2322.11,52.0039
2026-02-03 15:54:00,2322.04,2322.6,2321.54,2321.92,37.0219
2026-02-03 15:55:00,2321.66,2321.84,2319.7,2320.11,21.5561
2026-02-03 15:56:00,2320.6,2321.76,2319.81,2321.45,12.1103
2026-02-03 15:57:00,2321.45,2323.28,2319.27,2319.87,60.1805
2026-02-03 15:58:00,2319.96,2322.84,2318.84,2318.85,101.7137
2026-02-03 15:59:00,2318.75,2320.38,2318.28,2320.38,47.9093
2026-02-03 16:00:00,2320.55,2321.03,2318.44,2318.93,55.1957
2026-02-03 16:01:00,2319.18,2321.38,2317.82,2317.82,52.5876
2026-02-03 16:02:00,2317.81,2322.0,2317.26,2317.73,135.2041
2026-02-03 16:03:00,2317.73,2319.27,2315.75,2318.72,20.5335
2026-02-03 16:04:00,2318.46,2321.7,2318.46,2319.97,46.7858
2026-02-03 16:05:00,2320.31,2320.31,2317.62,2317.81,25.8323
2026-02-03 16:06:00,2318.43,2319.84,2318.07,2318.43,8.0879
2026-02-03 16:07:00,2318.16,2318.43,2316.83,2318.15,11.9723
2026-02-03 16:08:00,2318.34,2322.23,2318.34,2320.55,4.5607
2026-02-03 16:09:00,2320.2,2320.2,2317.6,2318.44,44.1866
2026-02-03 16:10:00,2318.24,2318.24,2312.01,2316.0,31.5245
2026-02-03 16:11:00,2316.03,2316.65,2311.81,2314.19,134.8011
2026-02-03 16:12:00,2314.11,2315.68,2313.96,2314.93,53.1458
2026-02-03 16:13:00,2314.93,2315.56,2311.1,2311.4,84.8633
2026-02-03 16:14:00,2311.41,2312.12,2307.81,2309.77,76.5152
2026-02-03 16:15:00,2309.5,2309.99,2307.99,2308.39,19.773
2026-02-03 16:16:00,2308.38,2310.94,2308.18,2310.94,9.6112
2026-02-03 16:17:00,2310.94,2313.3,2310.68,2313.22,20.135
2026-02-03 16:18:00,2313.44,2317.19,2312.8,2313.62,30.1565
2026-02-03 16:19:00,2314.32,2315.62,2312.97,2314.99,11.1268
2026-02-03 16:20:00,2314.9,2314.9,2312.51,2312.51,47.6606
2026-02-03 16:21:00,2312.5,2315.23,2312.26,2315.21,12.4118
2026-02-03 16:22:00,2315.33,2317.08,2315.26,2315.26,33.3815
2026-02-03 16:23:00,2315.23,2317.47,2313.93,2317.47,6.4065
2026-02-03 16:24:00,2317.47,2322.31,2317.47,2322.31,24.8599
2026-02-03 16:25:00,2321.79,2330.15,2321.76,2325.68,99.9602
2026-02-03 16:26:00,2326.31,2328.25,2326.13,2327.29,12.8565
2026-02-03 16:27:00,2327.28,2328.63,2326.49,2327.3,7.9396
2026-02-03 16:28:00,2327.76,2327.76,2325.46,2325.5,29.917
2026-02-03 16:29:00,2325.53,2327.0,2324.88,2324.88,6.6327
2026-02-03 16:30:00,2324.88,2325.88,2323.73,2325.88,47.3757
2026-02-03 16:31:00,2325.88,2326.91,2319.61,2319.78,17.5415
2026-02-03 16:32:00,2319.78,2320.26,2318.59,2319.77,20.9518
2026-02-03 16:33:00,2319.6,2321.24,2318.71,2321.12,19.4456
2026-02-03 16:34:00,2320.79,2320.79,2319.73,2320.39,7.398
2026-02-03 16:35:00,2320.67,2323.27,2320.67,2323.27,5.1133
2026-02-03 16:36:00,2323.33,2325.46,2323.25,2325.46,17.072
2026-02-03 16:37:00,2325.45,2325.6,2324.07,2325.52,10.6909
2026-02-03 16:38:00,2324.98,2327.48,2323.96,2324.36,68.9351
2026-02-03 16:39:00,2324.18,2324.18,2321.5,2324.12,5.653
2026-02-03 16:40:00,2324.25,2324.41,2322.62,2323.18,39.2879
2026-02-03 16:41:00,2323.17,2324.21,2322.62,2323.61,8.4907
2026-02-03 16:42:00,2323.77,2323.77,2322.62,2322.85,4.7045
2026-02-03 16:43:00,2323.16,2325.92,2323.16,2325.32,24.39
2026-02-03 16:44:00,2325.32,2326.63,2325.32,2326.63,21.9541
2026-02-03 16:45:00,2326.62,2326.62,2324.2,2324.2,111.0679
2026-02-03 16:46:00,2324.22,2326.67,2324.22,2326.63,37.8659
2026-02-03 16:47:00,2326.62,2326.62,2325.17,2325.82,44.2149
2026-02-03 16:48:00,2325.84,2326.79,2324.87,2325.14,18.7043
2026-02-03 16:49:00,2325.13,2325.13,2322.21,2322.21,24.0188
2026-02-03 16:50:00,2322.38,2322.59,2320.86,2321.11,28.204
2026-02-03 16:51:00,2321.0,2321.0,2319.6,2319.95,34.8527
2026-02-03 16:52:00,2320.32,2320.85,2317.37,2317.8,48.5293
2026-02-03 16:53:00,2317.81,2318.9,2317.81,2318.59,18.441
2026-02-03 16:54:00,2318.58,2318.58,2315.56,2316.41,52.725
2026-02-03 16:55:00,2316.41,2316.41,2312.0,2312.52,39.7662
2026-02-03 16:56:00,2312.53,2313.42,2312.38,2313.36,138.1172
2026-02-03 16:57:00,2313.25,2313.36,2312.45,2312.99,15.4656
2026-02-03 16:58:00,2312.99,2313.98,2312.06,2313.98,40.2746
2026-02-03 16:59:00,2313.65,2313.81,2313.22,2313.41,30.4677
2026-02-03 17:00:00,2313.47,2315.16,2312.81,2313.53,16.2778
2026-02-03 17:01:00,2313.89,2315.33,2313.89,2314.0,29.4695
2026-02-03 17:02:00,2314.01,2314.45,2309.86,2310.27,22.6982
2026-02-03 17:03:00,2310.28,2311.32,2309.17,2311.32,26.8704
2026-02-03 17:04:00,2311.49,2312.52,2311.47,2311.84,14.9602
2026-02-03 17:05:00,2311.89,2316.42,2311.89,2315.67,17.973
2026-02-03 17:06:00,2315.67,2316.14,2314.29,2314.3,10.9814
2026-02-03 17:07:00,2314.32,2314.32,2312.23,2313.47,58.1709
2026-02-03 17:08:00,2313.47,2314.41,2313.39,2314.28,4.611
2026-02-03 17:09:00,2314.37,2314.61,2313.07,2313.07,5.4545
2026-02-03 17:10:00,2312.81,2312.81,2306.53,2306.94,25.1825
2026-02-03 17:11:00,2306.96,2307.18,2290.0,2291.53,183.6851
2026-02-03 17:12:00,2291.53,2298.58,2287.44,2288.86,182.3444
2026-02-03 17:13:00,2288.86,2291.08,2287.97,2287.97,38.2084
2026-02-03 17:14:00,2288.06,2289.66,2280.0,2280.45,103.8409
2026-02-03 17:15:00,2281.26,2286.0,2275.0,2275.0,212.1777
2026-02-03 17:16:00,2275.76,2284.92,2259.69,2283.07,375.7141
2026-02-03 17:17:00,2283.83,2287.56,2279.43,2284.67,146.4647
2026-02-03 17:18:00,2284.32,2286.9,2280.07,2281.25,78.1088
2026-02-03 17:19:00,2281.25,2285.47,2281.16,2283.87,57.5478
2026-02-03 17:20:00,2283.68,2286.97,2283.68,2285.87,30.4112
2026-02-03 17:21:00,2285.48,2288.57,2283.74,2287.46,31.6495
2026-02-03 17:22:00,2287.73,2287.74,2283.87,2283.87,23.2606
2026-02-03 17:23:00,2283.87,2285.02,2280.33,2280.65,42.393
2026-02-03 17:24:00,2280.66,2282.41,2276.75,2277.33,70.5818
2026-02-03 17:25:00,2277.87,2279.31,2275.49,2276.05,47.3159
2026-02-03 17:26:00,2275.98,2276.62,2274.82,2276.45,31.7323
2026-02-03 17:27:00,2276.45,2276.45,2272.62,2274.99,123.6164
2026-02-03 17:28:00,2274.41,2274.41,2270.57,2271.44,95.8919
2026-02-03 17:29:00,2271.48,2273.85,2271.21,2271.22,78.9289
2026-02-03 17:30:00,2271.22,2275.93,2271.22,2273.16,159.4169
2026-02-03 17:31:00,2272.8,2278.78,2272.46,2277.06,134.4491
2026-02-03 17:32:00,2276.83,2282.14,2276.39,2280.67,71.6844
2026-02-03 17:33:00,2280.66,2281.45,2279.4,2279.97,65.434
2026-02-03 17:34:00,2279.63,2282.91,2279.63,2282.91,24.9319
2026-02-03 17:35:00,2282.91,2291.91,2282.1,2288.5,104.9335
2026-02-03 17:36:00,2288.5,2292.82,2288.07,2289.58,33.7592
2026-02-03 17:37:00,2289.58,2291.11,2288.65,2288.65,8.4637
2026-02-03 17:38:00,2288.66,2289.5,2288.04,2288.04,10.4752
2026-02-03 17:39:00,2288.22,2289.81,2287.45,2288.69,22.1329
2026-02-03 17:40:00,2288.35,2288.69,2288.04,2288.68,6.6059
2026-02-03 17:41:00,2289.06,2293.47,2288.8,2291.35,10.2935
2026-02-03 17:42:00,2291.16,2296.09,2290.2,2291.12,50.4151
2026-02-03 17:43:00,2291.12,2292.8,2291.0,2291.0,4.9217
2026-02-03 17:44:00,2290.71,2291.71,2290.54,2291.38,36.5316
2026-02-03 17:45:00,2291.39,2292.92,2291.39,2291.73,18.8894
2026-02-03 17:46:00,2291.72,2292.04,2288.51,2289.96,30.0998
2026-02-03 17:47:00,2290.15,2291.1,2287.89,2288.1,17.0752
2026-02-03 17:48:00,2288.13,2290.43,2287.52,2287.8,27.2923
2026-02-03 17:49:00,2287.78,2289.52,2287.1,2288.69,9.1754
2026-02-03 17:50:00,2288.38,2289.5,2288.38,2289.49,6.1378
2026-02-03 17:51:00,2289.49,2293.82,2288.75,2293.28,17.7075
2026-02-03 17:52:00,2293.75,2293.82,2292.6,2293.13,14.9009
2026-02-03 17:53:00,2293.66,2294.65,2293.21,2293.21,24.026
2026-02-03 17:54:00,2293.01,2293.57,2290.45,2290.5,13.2361
2026-02-03 17:55:00,2290.3,2290.61,2289.35,2289.35,19.0186
2026-02-03 17:56:00,2289.17,2290.61,2289.04,2290.61,9.589
2026-02-03 17:57:00,2290.68,2291.77,2289.93,2289.93,37.5703
